example,sweep_variable,swept_dimension,target_dim,source1_dim,source2_dim,source1_gain,source2_gain,source1_noise_variance,source2_noise_variance,runtime_repeat,method,status,message,red,unq1,unq2,syn,bi_mi_1,bi_mi_2,tri_mi,identity_error_joint,identity_error_x1,identity_error_x2,runtime_seconds
all_atoms_positive,source1_dim,1,2,1,2,1.4142135623730951,1.4142135623730951,1.0,1.0,0,gpid_tilde,ok,,0.5000000480713358,0.29248120228924224,0.7924812022892421,0.2075186955198658,0.7924812503605781,1.292481250360578,1.792481148169686,2.220446049250313e-16,1.1102230246251565e-16,1.1102230246251565e-16,0.024231112794950604
all_atoms_positive,source1_dim,1,2,1,2,1.4142135623730951,1.4142135623730951,1.0,1.0,1,gpid_tilde,ok,,0.5000000480713358,0.29248120228924224,0.7924812022892421,0.2075186955198658,0.7924812503605781,1.292481250360578,1.792481148169686,2.220446049250313e-16,1.1102230246251565e-16,1.1102230246251565e-16,0.023226883029565215
all_atoms_positive,source1_dim,1,2,1,2,1.4142135623730951,1.4142135623730951,1.0,1.0,2,gpid_tilde,ok,,0.5000000480713358,0.29248120228924224,0.7924812022892421,0.2075186955198658,0.7924812503605781,1.292481250360578,1.792481148169686,2.220446049250313e-16,1.1102230246251565e-16,1.1102230246251565e-16,0.023454505018889904
all_atoms_positive,source1_dim,1,2,1,2,1.4142135623730951,1.4142135623730951,1.0,1.0,3,gpid_tilde,ok,,0.5000000480713358,0.29248120228924224,0.7924812022892421,0.2075186955198658,0.7924812503605781,1.292481250360578,1.792481148169686,2.220446049250313e-16,1.1102230246251565e-16,1.1102230246251565e-16,0.023147643078118563
all_atoms_positive,source1_dim,1,2,1,2,1.4142135623730951,1.4142135623730951,1.0,1.0,4,gpid_tilde,ok,,0.5000000480713358,0.29248120228924224,0.7924812022892421,0.2075186955198658,0.7924812503605781,1.292481250360578,1.792481148169686,2.220446049250313e-16,1.1102230246251565e-16,1.1102230246251565e-16,0.022982890950515866
all_atoms_positive,source1_dim,1,2,1,2,1.4142135623730951,1.4142135623730951,1.0,1.0,0,thin_pid,ok,,0.5,0.29248125036057804,0.7924812503605779,0.20751864744853,0.7924812503605781,1.292481250360578,1.792481148169686,2.220446049250313e-16,1.1102230246251565e-16,1.1102230246251565e-16,0.008995313895866275
all_atoms_positive,source1_dim,1,2,1,2,1.4142135623730951,1.4142135623730951,1.0,1.0,1,thin_pid,ok,,0.5,0.29248125036057804,0.7924812503605779,0.20751864744853,0.7924812503605781,1.292481250360578,1.792481148169686,2.220446049250313e-16,1.1102230246251565e-16,1.1102230246251565e-16,0.00835571507923305
all_atoms_positive,source1_dim,1,2,1,2,1.4142135623730951,1.4142135623730951,1.0,1.0,2,thin_pid,ok,,0.5,0.29248125036057804,0.7924812503605779,0.20751864744853,0.7924812503605781,1.292481250360578,1.792481148169686,2.220446049250313e-16,1.1102230246251565e-16,1.1102230246251565e-16,0.008358439896255732
all_atoms_positive,source1_dim,1,2,1,2,1.4142135623730951,1.4142135623730951,1.0,1.0,3,thin_pid,ok,,0.5,0.29248125036057804,0.7924812503605779,0.20751864744853,0.7924812503605781,1.292481250360578,1.792481148169686,2.220446049250313e-16,1.1102230246251565e-16,1.1102230246251565e-16,0.008343724068254232
all_atoms_positive,source1_dim,1,2,1,2,1.4142135623730951,1.4142135623730951,1.0,1.0,4,thin_pid,ok,,0.5,0.29248125036057804,0.7924812503605779,0.20751864744853,0.7924812503605781,1.292481250360578,1.792481148169686,2.220446049250313e-16,1.1102230246251565e-16,1.1102230246251565e-16,0.00827225111424923
all_atoms_positive,source1_dim,1,2,1,2,1.4142135623730951,1.4142135623730951,1.0,1.0,0,eigen_pid,ok,,0.4999999999999998,0.2924812503605783,0.7924812503605784,0.20751874963942174,0.7924812503605781,1.292481250360578,1.7924812503605783,0.0,5.551115123125783e-17,-1.1102230246251565e-16,0.0007996710482984781
all_atoms_positive,source1_dim,1,2,1,2,1.4142135623730951,1.4142135623730951,1.0,1.0,1,eigen_pid,ok,,0.4999999999999998,0.2924812503605783,0.7924812503605784,0.20751874963942174,0.7924812503605781,1.292481250360578,1.7924812503605783,0.0,5.551115123125783e-17,-1.1102230246251565e-16,0.0006146680098026991
all_atoms_positive,source1_dim,1,2,1,2,1.4142135623730951,1.4142135623730951,1.0,1.0,2,eigen_pid,ok,,0.4999999999999998,0.2924812503605783,0.7924812503605784,0.20751874963942174,0.7924812503605781,1.292481250360578,1.7924812503605783,0.0,5.551115123125783e-17,-1.1102230246251565e-16,0.0005906550213694572
all_atoms_positive,source1_dim,1,2,1,2,1.4142135623730951,1.4142135623730951,1.0,1.0,3,eigen_pid,ok,,0.4999999999999998,0.2924812503605783,0.7924812503605784,0.20751874963942174,0.7924812503605781,1.292481250360578,1.7924812503605783,0.0,5.551115123125783e-17,-1.1102230246251565e-16,0.0005754837766289711
all_atoms_positive,source1_dim,1,2,1,2,1.4142135623730951,1.4142135623730951,1.0,1.0,4,eigen_pid,ok,,0.4999999999999998,0.2924812503605783,0.7924812503605784,0.20751874963942174,0.7924812503605781,1.292481250360578,1.7924812503605783,0.0,5.551115123125783e-17,-1.1102230246251565e-16,0.0005778300110250711
all_atoms_positive,source1_dim,51,2,51,2,1.4142135623730951,1.4142135623730951,1.0,1.0,0,gpid_tilde,ok,,1.000000048070173,0.2924812022904051,0.2924812022904051,0.41503743914689584,1.292481250360578,1.292481250360578,1.999999891797879,0.0,0.0,0.0,0.13355336105450988
all_atoms_positive,source1_dim,51,2,51,2,1.4142135623730951,1.4142135623730951,1.0,1.0,1,gpid_tilde,ok,,1.000000048070173,0.2924812022904051,0.2924812022904051,0.41503743914689584,1.292481250360578,1.292481250360578,1.999999891797879,0.0,0.0,0.0,0.21328608505427837
all_atoms_positive,source1_dim,51,2,51,2,1.4142135623730951,1.4142135623730951,1.0,1.0,2,gpid_tilde,ok,,1.000000048070173,0.2924812022904051,0.2924812022904051,0.41503743914689584,1.292481250360578,1.292481250360578,1.999999891797879,0.0,0.0,0.0,0.161661857040599
all_atoms_positive,source1_dim,51,2,51,2,1.4142135623730951,1.4142135623730951,1.0,1.0,3,gpid_tilde,ok,,1.000000048070173,0.2924812022904051,0.2924812022904051,0.41503743914689584,1.292481250360578,1.292481250360578,1.999999891797879,0.0,0.0,0.0,0.19737645890563726
all_atoms_positive,source1_dim,51,2,51,2,1.4142135623730951,1.4142135623730951,1.0,1.0,4,gpid_tilde,ok,,1.000000048070173,0.2924812022904051,0.2924812022904051,0.41503743914689584,1.292481250360578,1.292481250360578,1.999999891797879,0.0,0.0,0.0,0.18788052909076214
all_atoms_positive,source1_dim,51,2,51,2,1.4142135623730951,1.4142135623730951,1.0,1.0,0,thin_pid,ok,,0.9999999999992384,0.29248125036133965,0.29248125036133965,0.41503739107596127,1.292481250360578,1.292481250360578,1.999999891797879,0.0,0.0,0.0,0.18844184279441833
all_atoms_positive,source1_dim,51,2,51,2,1.4142135623730951,1.4142135623730951,1.0,1.0,1,thin_pid,ok,,0.9999999999992384,0.29248125036133965,0.29248125036133965,0.41503739107596127,1.292481250360578,1.292481250360578,1.999999891797879,0.0,0.0,0.0,0.1697821079287678
all_atoms_positive,source1_dim,51,2,51,2,1.4142135623730951,1.4142135623730951,1.0,1.0,2,thin_pid,ok,,0.9999999999992384,0.29248125036133965,0.29248125036133965,0.41503739107596127,1.292481250360578,1.292481250360578,1.999999891797879,0.0,0.0,0.0,0.18776077893562615
all_atoms_positive,source1_dim,51,2,51,2,1.4142135623730951,1.4142135623730951,1.0,1.0,3,thin_pid,ok,,0.9999999999992384,0.29248125036133965,0.29248125036133965,0.41503739107596127,1.292481250360578,1.292481250360578,1.999999891797879,0.0,0.0,0.0,0.17395769618451595
all_atoms_positive,source1_dim,51,2,51,2,1.4142135623730951,1.4142135623730951,1.0,1.0,4,thin_pid,ok,,0.9999999999992384,0.29248125036133965,0.29248125036133965,0.41503739107596127,1.292481250360578,1.292481250360578,1.999999891797879,0.0,0.0,0.0,0.1534295401070267
all_atoms_positive,source1_dim,51,2,51,2,1.4142135623730951,1.4142135623730951,1.0,1.0,0,eigen_pid,ok,,0.9999999999999998,0.2924812503605783,0.29248125036057837,0.4150374992788435,1.292481250360578,1.292481250360578,2.0,0.0,-5.551115123125783e-17,-1.1102230246251565e-16,0.0006296948995441198
all_atoms_positive,source1_dim,51,2,51,2,1.4142135623730951,1.4142135623730951,1.0,1.0,1,eigen_pid,ok,,0.9999999999999998,0.2924812503605783,0.29248125036057837,0.4150374992788435,1.292481250360578,1.292481250360578,2.0,0.0,-5.551115123125783e-17,-1.1102230246251565e-16,0.0004627471789717674
all_atoms_positive,source1_dim,51,2,51,2,1.4142135623730951,1.4142135623730951,1.0,1.0,2,eigen_pid,ok,,0.9999999999999998,0.2924812503605783,0.29248125036057837,0.4150374992788435,1.292481250360578,1.292481250360578,2.0,0.0,-5.551115123125783e-17,-1.1102230246251565e-16,0.00047253305092453957
all_atoms_positive,source1_dim,51,2,51,2,1.4142135623730951,1.4142135623730951,1.0,1.0,3,eigen_pid,ok,,0.9999999999999998,0.2924812503605783,0.29248125036057837,0.4150374992788435,1.292481250360578,1.292481250360578,2.0,0.0,-5.551115123125783e-17,-1.1102230246251565e-16,0.0004450068809092045
all_atoms_positive,source1_dim,51,2,51,2,1.4142135623730951,1.4142135623730951,1.0,1.0,4,eigen_pid,ok,,0.9999999999999998,0.2924812503605783,0.29248125036057837,0.4150374992788435,1.292481250360578,1.292481250360578,2.0,0.0,-5.551115123125783e-17,-1.1102230246251565e-16,0.00047044199891388416
all_atoms_positive,source1_dim,101,2,101,2,1.4142135623730951,1.4142135623730951,1.0,1.0,0,gpid_tilde,ok,,1.000000048070173,0.2924812022904051,0.2924812022904051,0.41503743914689584,1.292481250360578,1.292481250360578,1.999999891797879,0.0,0.0,0.0,5.410067562945187
all_atoms_positive,source1_dim,101,2,101,2,1.4142135623730951,1.4142135623730951,1.0,1.0,1,gpid_tilde,ok,,1.000000048070173,0.2924812022904051,0.2924812022904051,0.41503743914689584,1.292481250360578,1.292481250360578,1.999999891797879,0.0,0.0,0.0,4.297106985002756
all_atoms_positive,source1_dim,101,2,101,2,1.4142135623730951,1.4142135623730951,1.0,1.0,2,gpid_tilde,ok,,1.000000048070173,0.2924812022904051,0.2924812022904051,0.41503743914689584,1.292481250360578,1.292481250360578,1.999999891797879,0.0,0.0,0.0,4.722780152922496
all_atoms_positive,source1_dim,101,2,101,2,1.4142135623730951,1.4142135623730951,1.0,1.0,3,gpid_tilde,ok,,1.000000048070173,0.2924812022904051,0.2924812022904051,0.41503743914689584,1.292481250360578,1.292481250360578,1.999999891797879,0.0,0.0,0.0,4.437725916970521
all_atoms_positive,source1_dim,101,2,101,2,1.4142135623730951,1.4142135623730951,1.0,1.0,4,gpid_tilde,ok,,1.000000048070173,0.2924812022904051,0.2924812022904051,0.41503743914689584,1.292481250360578,1.292481250360578,1.999999891797879,0.0,0.0,0.0,4.260417960118502
all_atoms_positive,source1_dim,101,2,101,2,1.4142135623730951,1.4142135623730951,1.0,1.0,0,thin_pid,ok,,0.9999999999992384,0.29248125036133965,0.29248125036133965,0.41503739107596127,1.292481250360578,1.292481250360578,1.999999891797879,0.0,0.0,0.0,0.2513548070564866
all_atoms_positive,source1_dim,101,2,101,2,1.4142135623730951,1.4142135623730951,1.0,1.0,1,thin_pid,ok,,0.9999999999992384,0.29248125036133965,0.29248125036133965,0.41503739107596127,1.292481250360578,1.292481250360578,1.999999891797879,0.0,0.0,0.0,0.2620051659177989
all_atoms_positive,source1_dim,101,2,101,2,1.4142135623730951,1.4142135623730951,1.0,1.0,2,thin_pid,ok,,0.9999999999992384,0.29248125036133965,0.29248125036133965,0.41503739107596127,1.292481250360578,1.292481250360578,1.999999891797879,0.0,0.0,0.0,0.22958852304145694
all_atoms_positive,source1_dim,101,2,101,2,1.4142135623730951,1.4142135623730951,1.0,1.0,3,thin_pid,ok,,0.9999999999992384,0.29248125036133965,0.29248125036133965,0.41503739107596127,1.292481250360578,1.292481250360578,1.999999891797879,0.0,0.0,0.0,0.23179244599305093
all_atoms_positive,source1_dim,101,2,101,2,1.4142135623730951,1.4142135623730951,1.0,1.0,4,thin_pid,ok,,0.9999999999992384,0.29248125036133965,0.29248125036133965,0.41503739107596127,1.292481250360578,1.292481250360578,1.999999891797879,0.0,0.0,0.0,0.163305131951347
all_atoms_positive,source1_dim,101,2,101,2,1.4142135623730951,1.4142135623730951,1.0,1.0,0,eigen_pid,ok,,0.9999999999999998,0.2924812503605783,0.29248125036057837,0.4150374992788435,1.292481250360578,1.292481250360578,2.0,0.0,-5.551115123125783e-17,-1.1102230246251565e-16,0.0008294798899441957
all_atoms_positive,source1_dim,101,2,101,2,1.4142135623730951,1.4142135623730951,1.0,1.0,1,eigen_pid,ok,,0.9999999999999998,0.2924812503605783,0.29248125036057837,0.4150374992788435,1.292481250360578,1.292481250360578,2.0,0.0,-5.551115123125783e-17,-1.1102230246251565e-16,0.0005997959524393082
all_atoms_positive,source1_dim,101,2,101,2,1.4142135623730951,1.4142135623730951,1.0,1.0,2,eigen_pid,ok,,0.9999999999999998,0.2924812503605783,0.29248125036057837,0.4150374992788435,1.292481250360578,1.292481250360578,2.0,0.0,-5.551115123125783e-17,-1.1102230246251565e-16,0.0005468169692903757
all_atoms_positive,source1_dim,101,2,101,2,1.4142135623730951,1.4142135623730951,1.0,1.0,3,eigen_pid,ok,,0.9999999999999998,0.2924812503605783,0.29248125036057837,0.4150374992788435,1.292481250360578,1.292481250360578,2.0,0.0,-5.551115123125783e-17,-1.1102230246251565e-16,0.0005712849088013172
all_atoms_positive,source1_dim,101,2,101,2,1.4142135623730951,1.4142135623730951,1.0,1.0,4,eigen_pid,ok,,0.9999999999999998,0.2924812503605783,0.29248125036057837,0.4150374992788435,1.292481250360578,1.292481250360578,2.0,0.0,-5.551115123125783e-17,-1.1102230246251565e-16,0.0005451717879623175
all_atoms_positive,source1_dim,151,2,151,2,1.4142135623730951,1.4142135623730951,1.0,1.0,0,gpid_tilde,ok,,1.000000048070173,0.2924812022904051,0.2924812022904051,0.41503743914689584,1.292481250360578,1.292481250360578,1.999999891797879,0.0,0.0,0.0,3.1239495768677443
all_atoms_positive,source1_dim,151,2,151,2,1.4142135623730951,1.4142135623730951,1.0,1.0,1,gpid_tilde,ok,,1.000000048070173,0.2924812022904051,0.2924812022904051,0.41503743914689584,1.292481250360578,1.292481250360578,1.999999891797879,0.0,0.0,0.0,2.773917102953419
all_atoms_positive,source1_dim,151,2,151,2,1.4142135623730951,1.4142135623730951,1.0,1.0,2,gpid_tilde,ok,,1.000000048070173,0.2924812022904051,0.2924812022904051,0.41503743914689584,1.292481250360578,1.292481250360578,1.999999891797879,0.0,0.0,0.0,3.1379632600583136
all_atoms_positive,source1_dim,151,2,151,2,1.4142135623730951,1.4142135623730951,1.0,1.0,3,gpid_tilde,ok,,1.000000048070173,0.2924812022904051,0.2924812022904051,0.41503743914689584,1.292481250360578,1.292481250360578,1.999999891797879,0.0,0.0,0.0,3.588842880912125
all_atoms_positive,source1_dim,151,2,151,2,1.4142135623730951,1.4142135623730951,1.0,1.0,4,gpid_tilde,ok,,1.000000048070173,0.2924812022904051,0.2924812022904051,0.41503743914689584,1.292481250360578,1.292481250360578,1.999999891797879,0.0,0.0,0.0,3.6097919701132923
all_atoms_positive,source1_dim,151,2,151,2,1.4142135623730951,1.4142135623730951,1.0,1.0,0,thin_pid,ok,,0.9999999999992384,0.29248125036133965,0.29248125036133965,0.41503739107596127,1.292481250360578,1.292481250360578,1.999999891797879,0.0,0.0,0.0,0.4819822399877012
all_atoms_positive,source1_dim,151,2,151,2,1.4142135623730951,1.4142135623730951,1.0,1.0,1,thin_pid,ok,,0.9999999999992384,0.29248125036133965,0.29248125036133965,0.41503739107596127,1.292481250360578,1.292481250360578,1.999999891797879,0.0,0.0,0.0,0.5516310529783368
all_atoms_positive,source1_dim,151,2,151,2,1.4142135623730951,1.4142135623730951,1.0,1.0,2,thin_pid,ok,,0.9999999999992384,0.29248125036133965,0.29248125036133965,0.41503739107596127,1.292481250360578,1.292481250360578,1.999999891797879,0.0,0.0,0.0,0.7065842500887811
all_atoms_positive,source1_dim,151,2,151,2,1.4142135623730951,1.4142135623730951,1.0,1.0,3,thin_pid,ok,,0.9999999999992384,0.29248125036133965,0.29248125036133965,0.41503739107596127,1.292481250360578,1.292481250360578,1.999999891797879,0.0,0.0,0.0,0.5927953799255192
all_atoms_positive,source1_dim,151,2,151,2,1.4142135623730951,1.4142135623730951,1.0,1.0,4,thin_pid,ok,,0.9999999999992384,0.29248125036133965,0.29248125036133965,0.41503739107596127,1.292481250360578,1.292481250360578,1.999999891797879,0.0,0.0,0.0,0.46962646790780127
all_atoms_positive,source1_dim,151,2,151,2,1.4142135623730951,1.4142135623730951,1.0,1.0,0,eigen_pid,ok,,0.9999999999999998,0.2924812503605783,0.29248125036057837,0.4150374992788435,1.292481250360578,1.292481250360578,2.0,0.0,-5.551115123125783e-17,-1.1102230246251565e-16,0.0010045699309557676
all_atoms_positive,source1_dim,151,2,151,2,1.4142135623730951,1.4142135623730951,1.0,1.0,1,eigen_pid,ok,,0.9999999999999998,0.2924812503605783,0.29248125036057837,0.4150374992788435,1.292481250360578,1.292481250360578,2.0,0.0,-5.551115123125783e-17,-1.1102230246251565e-16,0.0008585399482399225
all_atoms_positive,source1_dim,151,2,151,2,1.4142135623730951,1.4142135623730951,1.0,1.0,2,eigen_pid,ok,,0.9999999999999998,0.2924812503605783,0.29248125036057837,0.4150374992788435,1.292481250360578,1.292481250360578,2.0,0.0,-5.551115123125783e-17,-1.1102230246251565e-16,0.0008222728502005339
all_atoms_positive,source1_dim,151,2,151,2,1.4142135623730951,1.4142135623730951,1.0,1.0,3,eigen_pid,ok,,0.9999999999999998,0.2924812503605783,0.29248125036057837,0.4150374992788435,1.292481250360578,1.292481250360578,2.0,0.0,-5.551115123125783e-17,-1.1102230246251565e-16,0.0008215310517698526
all_atoms_positive,source1_dim,151,2,151,2,1.4142135623730951,1.4142135623730951,1.0,1.0,4,eigen_pid,ok,,0.9999999999999998,0.2924812503605783,0.29248125036057837,0.4150374992788435,1.292481250360578,1.292481250360578,2.0,0.0,-5.551115123125783e-17,-1.1102230246251565e-16,0.0035071438178420067
all_atoms_positive,source1_dim,201,2,201,2,1.4142135623730951,1.4142135623730951,1.0,1.0,0,gpid_tilde,ok,,1.000000048070173,0.2924812022904051,0.2924812022904051,0.41503743914689584,1.292481250360578,1.292481250360578,1.999999891797879,0.0,0.0,0.0,120.51838010502979
all_atoms_positive,source1_dim,201,2,201,2,1.4142135623730951,1.4142135623730951,1.0,1.0,1,gpid_tilde,ok,,1.000000048070173,0.2924812022904051,0.2924812022904051,0.41503743914689584,1.292481250360578,1.292481250360578,1.999999891797879,0.0,0.0,0.0,120.07570951292291
all_atoms_positive,source1_dim,201,2,201,2,1.4142135623730951,1.4142135623730951,1.0,1.0,2,gpid_tilde,ok,,1.000000048070173,0.2924812022904051,0.2924812022904051,0.41503743914689584,1.292481250360578,1.292481250360578,1.999999891797879,0.0,0.0,0.0,121.34006504295394
all_atoms_positive,source1_dim,201,2,201,2,1.4142135623730951,1.4142135623730951,1.0,1.0,3,gpid_tilde,ok,,1.000000048070173,0.2924812022904051,0.2924812022904051,0.41503743914689584,1.292481250360578,1.292481250360578,1.999999891797879,0.0,0.0,0.0,131.53059742599726
all_atoms_positive,source1_dim,201,2,201,2,1.4142135623730951,1.4142135623730951,1.0,1.0,4,gpid_tilde,ok,,1.000000048070173,0.2924812022904051,0.2924812022904051,0.41503743914689584,1.292481250360578,1.292481250360578,1.999999891797879,0.0,0.0,0.0,132.08291476103477
all_atoms_positive,source1_dim,201,2,201,2,1.4142135623730951,1.4142135623730951,1.0,1.0,0,thin_pid,ok,,0.9999999999992384,0.29248125036133965,0.29248125036133965,0.41503739107596127,1.292481250360578,1.292481250360578,1.999999891797879,0.0,0.0,0.0,0.9413269078359008
all_atoms_positive,source1_dim,201,2,201,2,1.4142135623730951,1.4142135623730951,1.0,1.0,1,thin_pid,ok,,0.9999999999992384,0.29248125036133965,0.29248125036133965,0.41503739107596127,1.292481250360578,1.292481250360578,1.999999891797879,0.0,0.0,0.0,0.805944386869669
all_atoms_positive,source1_dim,201,2,201,2,1.4142135623730951,1.4142135623730951,1.0,1.0,2,thin_pid,ok,,0.9999999999992384,0.29248125036133965,0.29248125036133965,0.41503739107596127,1.292481250360578,1.292481250360578,1.999999891797879,0.0,0.0,0.0,0.7988887710962445
all_atoms_positive,source1_dim,201,2,201,2,1.4142135623730951,1.4142135623730951,1.0,1.0,3,thin_pid,ok,,0.9999999999992384,0.29248125036133965,0.29248125036133965,0.41503739107596127,1.292481250360578,1.292481250360578,1.999999891797879,0.0,0.0,0.0,1.5816543658729643
all_atoms_positive,source1_dim,201,2,201,2,1.4142135623730951,1.4142135623730951,1.0,1.0,4,thin_pid,ok,,0.9999999999992384,0.29248125036133965,0.29248125036133965,0.41503739107596127,1.292481250360578,1.292481250360578,1.999999891797879,0.0,0.0,0.0,1.0448935988824815
all_atoms_positive,source1_dim,201,2,201,2,1.4142135623730951,1.4142135623730951,1.0,1.0,0,eigen_pid,ok,,0.9999999999999998,0.2924812503605783,0.29248125036057837,0.4150374992788435,1.292481250360578,1.292481250360578,2.0,0.0,-5.551115123125783e-17,-1.1102230246251565e-16,0.16254235501401126
all_atoms_positive,source1_dim,201,2,201,2,1.4142135623730951,1.4142135623730951,1.0,1.0,1,eigen_pid,ok,,0.9999999999999998,0.2924812503605783,0.29248125036057837,0.4150374992788435,1.292481250360578,1.292481250360578,2.0,0.0,-5.551115123125783e-17,-1.1102230246251565e-16,0.2025726679712534
all_atoms_positive,source1_dim,201,2,201,2,1.4142135623730951,1.4142135623730951,1.0,1.0,2,eigen_pid,ok,,0.9999999999999998,0.2924812503605783,0.29248125036057837,0.4150374992788435,1.292481250360578,1.292481250360578,2.0,0.0,-5.551115123125783e-17,-1.1102230246251565e-16,0.2521583780180663
all_atoms_positive,source1_dim,201,2,201,2,1.4142135623730951,1.4142135623730951,1.0,1.0,3,eigen_pid,ok,,0.9999999999999998,0.2924812503605783,0.29248125036057837,0.4150374992788435,1.292481250360578,1.292481250360578,2.0,0.0,-5.551115123125783e-17,-1.1102230246251565e-16,0.18166300118900836
all_atoms_positive,source1_dim,201,2,201,2,1.4142135623730951,1.4142135623730951,1.0,1.0,4,eigen_pid,ok,,0.9999999999999998,0.2924812503605783,0.29248125036057837,0.4150374992788435,1.292481250360578,1.292481250360578,2.0,0.0,-5.551115123125783e-17,-1.1102230246251565e-16,0.09375706687569618
all_atoms_positive,source1_dim,251,2,251,2,1.4142135623730951,1.4142135623730951,1.0,1.0,0,gpid_tilde,ok,,1.000000048070173,0.2924812022904051,0.2924812022904051,0.41503743914689584,1.292481250360578,1.292481250360578,1.999999891797879,0.0,0.0,0.0,219.94170323805884
all_atoms_positive,source1_dim,251,2,251,2,1.4142135623730951,1.4142135623730951,1.0,1.0,1,gpid_tilde,ok,,1.000000048070173,0.2924812022904051,0.2924812022904051,0.41503743914689584,1.292481250360578,1.292481250360578,1.999999891797879,0.0,0.0,0.0,235.72469490021467
all_atoms_positive,source1_dim,251,2,251,2,1.4142135623730951,1.4142135623730951,1.0,1.0,2,gpid_tilde,ok,,1.000000048070173,0.2924812022904051,0.2924812022904051,0.41503743914689584,1.292481250360578,1.292481250360578,1.999999891797879,0.0,0.0,0.0,257.4851096170023
all_atoms_positive,source1_dim,251,2,251,2,1.4142135623730951,1.4142135623730951,1.0,1.0,3,gpid_tilde,ok,,1.000000048070173,0.2924812022904051,0.2924812022904051,0.41503743914689584,1.292481250360578,1.292481250360578,1.999999891797879,0.0,0.0,0.0,266.60749839409254
all_atoms_positive,source1_dim,251,2,251,2,1.4142135623730951,1.4142135623730951,1.0,1.0,4,gpid_tilde,ok,,1.000000048070173,0.2924812022904051,0.2924812022904051,0.41503743914689584,1.292481250360578,1.292481250360578,1.999999891797879,0.0,0.0,0.0,261.1979528979864
all_atoms_positive,source1_dim,251,2,251,2,1.4142135623730951,1.4142135623730951,1.0,1.0,0,thin_pid,ok,,0.9999999999992384,0.29248125036133965,0.29248125036133965,0.41503739107596127,1.292481250360578,1.292481250360578,1.999999891797879,0.0,0.0,0.0,1.9749283778946847
all_atoms_positive,source1_dim,251,2,251,2,1.4142135623730951,1.4142135623730951,1.0,1.0,1,thin_pid,ok,,0.9999999999992384,0.29248125036133965,0.29248125036133965,0.41503739107596127,1.292481250360578,1.292481250360578,1.999999891797879,0.0,0.0,0.0,2.5859036159235984
all_atoms_positive,source1_dim,251,2,251,2,1.4142135623730951,1.4142135623730951,1.0,1.0,2,thin_pid,ok,,0.9999999999992384,0.29248125036133965,0.29248125036133965,0.41503739107596127,1.292481250360578,1.292481250360578,1.999999891797879,0.0,0.0,0.0,1.8340733658988029
all_atoms_positive,source1_dim,251,2,251,2,1.4142135623730951,1.4142135623730951,1.0,1.0,3,thin_pid,ok,,0.9999999999992384,0.29248125036133965,0.29248125036133965,0.41503739107596127,1.292481250360578,1.292481250360578,1.999999891797879,0.0,0.0,0.0,1.711531682871282
all_atoms_positive,source1_dim,251,2,251,2,1.4142135623730951,1.4142135623730951,1.0,1.0,4,thin_pid,ok,,0.9999999999992384,0.29248125036133965,0.29248125036133965,0.41503739107596127,1.292481250360578,1.292481250360578,1.999999891797879,0.0,0.0,0.0,2.4203889570198953
all_atoms_positive,source1_dim,251,2,251,2,1.4142135623730951,1.4142135623730951,1.0,1.0,0,eigen_pid,ok,,0.9999999999999998,0.2924812503605783,0.29248125036057837,0.4150374992788435,1.292481250360578,1.292481250360578,2.0,0.0,-5.551115123125783e-17,-1.1102230246251565e-16,0.02012912998907268
all_atoms_positive,source1_dim,251,2,251,2,1.4142135623730951,1.4142135623730951,1.0,1.0,1,eigen_pid,ok,,0.9999999999999998,0.2924812503605783,0.29248125036057837,0.4150374992788435,1.292481250360578,1.292481250360578,2.0,0.0,-5.551115123125783e-17,-1.1102230246251565e-16,0.0025631668977439404
all_atoms_positive,source1_dim,251,2,251,2,1.4142135623730951,1.4142135623730951,1.0,1.0,2,eigen_pid,ok,,0.9999999999999998,0.2924812503605783,0.29248125036057837,0.4150374992788435,1.292481250360578,1.292481250360578,2.0,0.0,-5.551115123125783e-17,-1.1102230246251565e-16,0.028902198188006878
all_atoms_positive,source1_dim,251,2,251,2,1.4142135623730951,1.4142135623730951,1.0,1.0,3,eigen_pid,ok,,0.9999999999999998,0.2924812503605783,0.29248125036057837,0.4150374992788435,1.292481250360578,1.292481250360578,2.0,0.0,-5.551115123125783e-17,-1.1102230246251565e-16,0.008096004137769341
all_atoms_positive,source1_dim,251,2,251,2,1.4142135623730951,1.4142135623730951,1.0,1.0,4,eigen_pid,ok,,0.9999999999999998,0.2924812503605783,0.29248125036057837,0.4150374992788435,1.292481250360578,1.292481250360578,2.0,0.0,-5.551115123125783e-17,-1.1102230246251565e-16,0.009580385172739625
all_atoms_positive,source1_dim,301,2,301,2,1.4142135623730951,1.4142135623730951,1.0,1.0,0,gpid_tilde,ok,,1.000000048070173,0.2924812022904051,0.2924812022904051,0.41503743914689584,1.292481250360578,1.292481250360578,1.999999891797879,0.0,0.0,0.0,379.4060925799422
all_atoms_positive,source1_dim,301,2,301,2,1.4142135623730951,1.4142135623730951,1.0,1.0,1,gpid_tilde,ok,,1.000000048070173,0.2924812022904051,0.2924812022904051,0.41503743914689584,1.292481250360578,1.292481250360578,1.999999891797879,0.0,0.0,0.0,330.15823825798
all_atoms_positive,source1_dim,301,2,301,2,1.4142135623730951,1.4142135623730951,1.0,1.0,2,gpid_tilde,ok,,1.000000048070173,0.2924812022904051,0.2924812022904051,0.41503743914689584,1.292481250360578,1.292481250360578,1.999999891797879,0.0,0.0,0.0,311.68200246896595
all_atoms_positive,source1_dim,301,2,301,2,1.4142135623730951,1.4142135623730951,1.0,1.0,3,gpid_tilde,ok,,1.000000048070173,0.2924812022904051,0.2924812022904051,0.41503743914689584,1.292481250360578,1.292481250360578,1.999999891797879,0.0,0.0,0.0,312.66532675991766
all_atoms_positive,source1_dim,301,2,301,2,1.4142135623730951,1.4142135623730951,1.0,1.0,4,gpid_tilde,ok,,1.000000048070173,0.2924812022904051,0.2924812022904051,0.41503743914689584,1.292481250360578,1.292481250360578,1.999999891797879,0.0,0.0,0.0,309.43951971200295
all_atoms_positive,source1_dim,301,2,301,2,1.4142135623730951,1.4142135623730951,1.0,1.0,0,thin_pid,ok,,0.9999999999992384,0.29248125036133965,0.29248125036133965,0.41503739107596127,1.292481250360578,1.292481250360578,1.999999891797879,0.0,0.0,0.0,93.20697339391336
all_atoms_positive,source1_dim,301,2,301,2,1.4142135623730951,1.4142135623730951,1.0,1.0,1,thin_pid,ok,,0.9999999999992384,0.29248125036133965,0.29248125036133965,0.41503739107596127,1.292481250360578,1.292481250360578,1.999999891797879,0.0,0.0,0.0,60.32327429810539
all_atoms_positive,source1_dim,301,2,301,2,1.4142135623730951,1.4142135623730951,1.0,1.0,2,thin_pid,ok,,0.9999999999992384,0.29248125036133965,0.29248125036133965,0.41503739107596127,1.292481250360578,1.292481250360578,1.999999891797879,0.0,0.0,0.0,34.49183769780211
all_atoms_positive,source1_dim,301,2,301,2,1.4142135623730951,1.4142135623730951,1.0,1.0,3,thin_pid,ok,,0.9999999999992384,0.29248125036133965,0.29248125036133965,0.41503739107596127,1.292481250360578,1.292481250360578,1.999999891797879,0.0,0.0,0.0,30.37578832707368
all_atoms_positive,source1_dim,301,2,301,2,1.4142135623730951,1.4142135623730951,1.0,1.0,4,thin_pid,ok,,0.9999999999992384,0.29248125036133965,0.29248125036133965,0.41503739107596127,1.292481250360578,1.292481250360578,1.999999891797879,0.0,0.0,0.0,53.73675714991987
all_atoms_positive,source1_dim,301,2,301,2,1.4142135623730951,1.4142135623730951,1.0,1.0,0,eigen_pid,ok,,0.9999999999999998,0.2924812503605783,0.29248125036057837,0.4150374992788435,1.292481250360578,1.292481250360578,2.0,0.0,-5.551115123125783e-17,-1.1102230246251565e-16,0.37488856399431825
all_atoms_positive,source1_dim,301,2,301,2,1.4142135623730951,1.4142135623730951,1.0,1.0,1,eigen_pid,ok,,0.9999999999999998,0.2924812503605783,0.29248125036057837,0.4150374992788435,1.292481250360578,1.292481250360578,2.0,0.0,-5.551115123125783e-17,-1.1102230246251565e-16,0.3241289600264281
all_atoms_positive,source1_dim,301,2,301,2,1.4142135623730951,1.4142135623730951,1.0,1.0,2,eigen_pid,ok,,0.9999999999999998,0.2924812503605783,0.29248125036057837,0.4150374992788435,1.292481250360578,1.292481250360578,2.0,0.0,-5.551115123125783e-17,-1.1102230246251565e-16,0.20600717701017857
all_atoms_positive,source1_dim,301,2,301,2,1.4142135623730951,1.4142135623730951,1.0,1.0,3,eigen_pid,ok,,0.9999999999999998,0.2924812503605783,0.29248125036057837,0.4150374992788435,1.292481250360578,1.292481250360578,2.0,0.0,-5.551115123125783e-17,-1.1102230246251565e-16,0.1590998989995569
all_atoms_positive,source1_dim,301,2,301,2,1.4142135623730951,1.4142135623730951,1.0,1.0,4,eigen_pid,ok,,0.9999999999999998,0.2924812503605783,0.29248125036057837,0.4150374992788435,1.292481250360578,1.292481250360578,2.0,0.0,-5.551115123125783e-17,-1.1102230246251565e-16,0.0067285660188645124
all_atoms_positive,source1_dim,351,2,351,2,1.4142135623730951,1.4142135623730951,1.0,1.0,0,gpid_tilde,ok,,1.000000048070173,0.2924812022904051,0.2924812022904051,0.41503743914689584,1.292481250360578,1.292481250360578,1.999999891797879,0.0,0.0,0.0,430.59728243597783
all_atoms_positive,source1_dim,351,2,351,2,1.4142135623730951,1.4142135623730951,1.0,1.0,1,gpid_tilde,ok,,1.000000048070173,0.2924812022904051,0.2924812022904051,0.41503743914689584,1.292481250360578,1.292481250360578,1.999999891797879,0.0,0.0,0.0,500.0055333089549
all_atoms_positive,source1_dim,351,2,351,2,1.4142135623730951,1.4142135623730951,1.0,1.0,2,gpid_tilde,ok,,1.000000048070173,0.2924812022904051,0.2924812022904051,0.41503743914689584,1.292481250360578,1.292481250360578,1.999999891797879,0.0,0.0,0.0,514.8227205639705
all_atoms_positive,source1_dim,351,2,351,2,1.4142135623730951,1.4142135623730951,1.0,1.0,3,gpid_tilde,ok,,1.000000048070173,0.2924812022904051,0.2924812022904051,0.41503743914689584,1.292481250360578,1.292481250360578,1.999999891797879,0.0,0.0,0.0,513.2340354970656
all_atoms_positive,source1_dim,351,2,351,2,1.4142135623730951,1.4142135623730951,1.0,1.0,4,gpid_tilde,ok,,1.000000048070173,0.2924812022904051,0.2924812022904051,0.41503743914689584,1.292481250360578,1.292481250360578,1.999999891797879,0.0,0.0,0.0,536.8255328889936
all_atoms_positive,source1_dim,351,2,351,2,1.4142135623730951,1.4142135623730951,1.0,1.0,0,thin_pid,ok,,0.9999999999992384,0.29248125036133965,0.29248125036133965,0.41503739107596127,1.292481250360578,1.292481250360578,1.999999891797879,0.0,0.0,0.0,242.22288056300022
all_atoms_positive,source1_dim,351,2,351,2,1.4142135623730951,1.4142135623730951,1.0,1.0,1,thin_pid,ok,,0.9999999999992384,0.29248125036133965,0.29248125036133965,0.41503739107596127,1.292481250360578,1.292481250360578,1.999999891797879,0.0,0.0,0.0,225.9503879030235
all_atoms_positive,source1_dim,351,2,351,2,1.4142135623730951,1.4142135623730951,1.0,1.0,2,thin_pid,ok,,0.9999999999992384,0.29248125036133965,0.29248125036133965,0.41503739107596127,1.292481250360578,1.292481250360578,1.999999891797879,0.0,0.0,0.0,227.60669960291125
all_atoms_positive,source1_dim,351,2,351,2,1.4142135623730951,1.4142135623730951,1.0,1.0,3,thin_pid,ok,,0.9999999999992384,0.29248125036133965,0.29248125036133965,0.41503739107596127,1.292481250360578,1.292481250360578,1.999999891797879,0.0,0.0,0.0,212.37491319607943
all_atoms_positive,source1_dim,351,2,351,2,1.4142135623730951,1.4142135623730951,1.0,1.0,4,thin_pid,ok,,0.9999999999992384,0.29248125036133965,0.29248125036133965,0.41503739107596127,1.292481250360578,1.292481250360578,1.999999891797879,0.0,0.0,0.0,224.60673383600079
all_atoms_positive,source1_dim,351,2,351,2,1.4142135623730951,1.4142135623730951,1.0,1.0,0,eigen_pid,ok,,0.9999999999999998,0.2924812503605783,0.29248125036057837,0.4150374992788435,1.292481250360578,1.292481250360578,2.0,0.0,-5.551115123125783e-17,-1.1102230246251565e-16,0.013671917840838432
all_atoms_positive,source1_dim,351,2,351,2,1.4142135623730951,1.4142135623730951,1.0,1.0,1,eigen_pid,ok,,0.9999999999999998,0.2924812503605783,0.29248125036057837,0.4150374992788435,1.292481250360578,1.292481250360578,2.0,0.0,-5.551115123125783e-17,-1.1102230246251565e-16,0.06414121692068875
all_atoms_positive,source1_dim,351,2,351,2,1.4142135623730951,1.4142135623730951,1.0,1.0,2,eigen_pid,ok,,0.9999999999999998,0.2924812503605783,0.29248125036057837,0.4150374992788435,1.292481250360578,1.292481250360578,2.0,0.0,-5.551115123125783e-17,-1.1102230246251565e-16,0.03712255577556789
all_atoms_positive,source1_dim,351,2,351,2,1.4142135623730951,1.4142135623730951,1.0,1.0,3,eigen_pid,ok,,0.9999999999999998,0.2924812503605783,0.29248125036057837,0.4150374992788435,1.292481250360578,1.292481250360578,2.0,0.0,-5.551115123125783e-17,-1.1102230246251565e-16,0.03185378201305866
all_atoms_positive,source1_dim,351,2,351,2,1.4142135623730951,1.4142135623730951,1.0,1.0,4,eigen_pid,ok,,0.9999999999999998,0.2924812503605783,0.29248125036057837,0.4150374992788435,1.292481250360578,1.292481250360578,2.0,0.0,-5.551115123125783e-17,-1.1102230246251565e-16,0.01687866193242371
all_atoms_positive,source1_dim,401,2,401,2,1.4142135623730951,1.4142135623730951,1.0,1.0,0,gpid_tilde,ok,,1.000000048070173,0.2924812022904051,0.2924812022904051,0.41503743914689584,1.292481250360578,1.292481250360578,1.999999891797879,0.0,0.0,0.0,571.6426735541318
all_atoms_positive,source1_dim,401,2,401,2,1.4142135623730951,1.4142135623730951,1.0,1.0,1,gpid_tilde,ok,,1.000000048070173,0.2924812022904051,0.2924812022904051,0.41503743914689584,1.292481250360578,1.292481250360578,1.999999891797879,0.0,0.0,0.0,606.8207398629747
all_atoms_positive,source1_dim,401,2,401,2,1.4142135623730951,1.4142135623730951,1.0,1.0,2,gpid_tilde,ok,,1.000000048070173,0.2924812022904051,0.2924812022904051,0.41503743914689584,1.292481250360578,1.292481250360578,1.999999891797879,0.0,0.0,0.0,646.9329069319647
all_atoms_positive,source1_dim,401,2,401,2,1.4142135623730951,1.4142135623730951,1.0,1.0,3,gpid_tilde,ok,,1.000000048070173,0.2924812022904051,0.2924812022904051,0.41503743914689584,1.292481250360578,1.292481250360578,1.999999891797879,0.0,0.0,0.0,668.9466596511193
all_atoms_positive,source1_dim,401,2,401,2,1.4142135623730951,1.4142135623730951,1.0,1.0,4,gpid_tilde,ok,,1.000000048070173,0.2924812022904051,0.2924812022904051,0.41503743914689584,1.292481250360578,1.292481250360578,1.999999891797879,0.0,0.0,0.0,679.6641606909689
all_atoms_positive,source1_dim,401,2,401,2,1.4142135623730951,1.4142135623730951,1.0,1.0,0,thin_pid,ok,,0.9999999999992384,0.29248125036133965,0.29248125036133965,0.41503739107596127,1.292481250360578,1.292481250360578,1.999999891797879,0.0,0.0,0.0,513.4458633649629
all_atoms_positive,source1_dim,401,2,401,2,1.4142135623730951,1.4142135623730951,1.0,1.0,1,thin_pid,ok,,0.9999999999992384,0.29248125036133965,0.29248125036133965,0.41503739107596127,1.292481250360578,1.292481250360578,1.999999891797879,0.0,0.0,0.0,649.4659755260218
all_atoms_positive,source1_dim,401,2,401,2,1.4142135623730951,1.4142135623730951,1.0,1.0,2,thin_pid,ok,,0.9999999999992384,0.29248125036133965,0.29248125036133965,0.41503739107596127,1.292481250360578,1.292481250360578,1.999999891797879,0.0,0.0,0.0,625.7258526999503
all_atoms_positive,source1_dim,401,2,401,2,1.4142135623730951,1.4142135623730951,1.0,1.0,3,thin_pid,ok,,0.9999999999992384,0.29248125036133965,0.29248125036133965,0.41503739107596127,1.292481250360578,1.292481250360578,1.999999891797879,0.0,0.0,0.0,462.7124125328846
all_atoms_positive,source1_dim,401,2,401,2,1.4142135623730951,1.4142135623730951,1.0,1.0,4,thin_pid,ok,,0.9999999999992384,0.29248125036133965,0.29248125036133965,0.41503739107596127,1.292481250360578,1.292481250360578,1.999999891797879,0.0,0.0,0.0,429.90690028015524
all_atoms_positive,source1_dim,401,2,401,2,1.4142135623730951,1.4142135623730951,1.0,1.0,0,eigen_pid,ok,,0.9999999999999998,0.2924812503605783,0.29248125036057837,0.4150374992788435,1.292481250360578,1.292481250360578,2.0,0.0,-5.551115123125783e-17,-1.1102230246251565e-16,0.5196654899045825
all_atoms_positive,source1_dim,401,2,401,2,1.4142135623730951,1.4142135623730951,1.0,1.0,1,eigen_pid,ok,,0.9999999999999998,0.2924812503605783,0.29248125036057837,0.4150374992788435,1.292481250360578,1.292481250360578,2.0,0.0,-5.551115123125783e-17,-1.1102230246251565e-16,0.38107627211138606
all_atoms_positive,source1_dim,401,2,401,2,1.4142135623730951,1.4142135623730951,1.0,1.0,2,eigen_pid,ok,,0.9999999999999998,0.2924812503605783,0.29248125036057837,0.4150374992788435,1.292481250360578,1.292481250360578,2.0,0.0,-5.551115123125783e-17,-1.1102230246251565e-16,0.39012236311100423
all_atoms_positive,source1_dim,401,2,401,2,1.4142135623730951,1.4142135623730951,1.0,1.0,3,eigen_pid,ok,,0.9999999999999998,0.2924812503605783,0.29248125036057837,0.4150374992788435,1.292481250360578,1.292481250360578,2.0,0.0,-5.551115123125783e-17,-1.1102230246251565e-16,0.19918286707252264
all_atoms_positive,source1_dim,401,2,401,2,1.4142135623730951,1.4142135623730951,1.0,1.0,4,eigen_pid,ok,,0.9999999999999998,0.2924812503605783,0.29248125036057837,0.4150374992788435,1.292481250360578,1.292481250360578,2.0,0.0,-5.551115123125783e-17,-1.1102230246251565e-16,0.012718473095446825
all_atoms_positive,source1_dim,451,2,451,2,1.4142135623730951,1.4142135623730951,1.0,1.0,0,gpid_tilde,ok,,1.000000048070173,0.2924812022904051,0.2924812022904051,0.41503743914689584,1.292481250360578,1.292481250360578,1.999999891797879,0.0,0.0,0.0,848.9722143949475
all_atoms_positive,source1_dim,451,2,451,2,1.4142135623730951,1.4142135623730951,1.0,1.0,1,gpid_tilde,ok,,1.000000048070173,0.2924812022904051,0.2924812022904051,0.41503743914689584,1.292481250360578,1.292481250360578,1.999999891797879,0.0,0.0,0.0,724.8905079711694
all_atoms_positive,source1_dim,451,2,451,2,1.4142135623730951,1.4142135623730951,1.0,1.0,2,gpid_tilde,ok,,1.000000048070173,0.2924812022904051,0.2924812022904051,0.41503743914689584,1.292481250360578,1.292481250360578,1.999999891797879,0.0,0.0,0.0,693.3431283279788
all_atoms_positive,source1_dim,451,2,451,2,1.4142135623730951,1.4142135623730951,1.0,1.0,3,gpid_tilde,ok,,1.000000048070173,0.2924812022904051,0.2924812022904051,0.41503743914689584,1.292481250360578,1.292481250360578,1.999999891797879,0.0,0.0,0.0,679.2767621150706
all_atoms_positive,source1_dim,451,2,451,2,1.4142135623730951,1.4142135623730951,1.0,1.0,4,gpid_tilde,ok,,1.000000048070173,0.2924812022904051,0.2924812022904051,0.41503743914689584,1.292481250360578,1.292481250360578,1.999999891797879,0.0,0.0,0.0,664.5990506741218
all_atoms_positive,source1_dim,451,2,451,2,1.4142135623730951,1.4142135623730951,1.0,1.0,0,thin_pid,ok,,0.9999999999992384,0.29248125036133965,0.29248125036133965,0.41503739107596127,1.292481250360578,1.292481250360578,1.999999891797879,0.0,0.0,0.0,501.39623310696334
all_atoms_positive,source1_dim,451,2,451,2,1.4142135623730951,1.4142135623730951,1.0,1.0,1,thin_pid,ok,,0.9999999999992384,0.29248125036133965,0.29248125036133965,0.41503739107596127,1.292481250360578,1.292481250360578,1.999999891797879,0.0,0.0,0.0,500.97893647197634
all_atoms_positive,source1_dim,451,2,451,2,1.4142135623730951,1.4142135623730951,1.0,1.0,2,thin_pid,ok,,0.9999999999992384,0.29248125036133965,0.29248125036133965,0.41503739107596127,1.292481250360578,1.292481250360578,1.999999891797879,0.0,0.0,0.0,496.0648296580184
all_atoms_positive,source1_dim,451,2,451,2,1.4142135623730951,1.4142135623730951,1.0,1.0,3,thin_pid,ok,,0.9999999999992384,0.29248125036133965,0.29248125036133965,0.41503739107596127,1.292481250360578,1.292481250360578,1.999999891797879,0.0,0.0,0.0,565.3400492889341
all_atoms_positive,source1_dim,451,2,451,2,1.4142135623730951,1.4142135623730951,1.0,1.0,4,thin_pid,ok,,0.9999999999992384,0.29248125036133965,0.29248125036133965,0.41503739107596127,1.292481250360578,1.292481250360578,1.999999891797879,0.0,0.0,0.0,651.6496849239338
all_atoms_positive,source1_dim,451,2,451,2,1.4142135623730951,1.4142135623730951,1.0,1.0,0,eigen_pid,ok,,0.9999999999999998,0.2924812503605783,0.29248125036057837,0.4150374992788435,1.292481250360578,1.292481250360578,2.0,0.0,-5.551115123125783e-17,-1.1102230246251565e-16,0.5098718989174813
all_atoms_positive,source1_dim,451,2,451,2,1.4142135623730951,1.4142135623730951,1.0,1.0,1,eigen_pid,ok,,0.9999999999999998,0.2924812503605783,0.29248125036057837,0.4150374992788435,1.292481250360578,1.292481250360578,2.0,0.0,-5.551115123125783e-17,-1.1102230246251565e-16,0.4553203040268272
all_atoms_positive,source1_dim,451,2,451,2,1.4142135623730951,1.4142135623730951,1.0,1.0,2,eigen_pid,ok,,0.9999999999999998,0.2924812503605783,0.29248125036057837,0.4150374992788435,1.292481250360578,1.292481250360578,2.0,0.0,-5.551115123125783e-17,-1.1102230246251565e-16,0.42084621801041067
all_atoms_positive,source1_dim,451,2,451,2,1.4142135623730951,1.4142135623730951,1.0,1.0,3,eigen_pid,ok,,0.9999999999999998,0.2924812503605783,0.29248125036057837,0.4150374992788435,1.292481250360578,1.292481250360578,2.0,0.0,-5.551115123125783e-17,-1.1102230246251565e-16,0.4410822638310492
all_atoms_positive,source1_dim,451,2,451,2,1.4142135623730951,1.4142135623730951,1.0,1.0,4,eigen_pid,ok,,0.9999999999999998,0.2924812503605783,0.29248125036057837,0.4150374992788435,1.292481250360578,1.292481250360578,2.0,0.0,-5.551115123125783e-17,-1.1102230246251565e-16,0.455945011228323
all_atoms_positive,source1_dim,501,2,501,2,1.4142135623730951,1.4142135623730951,1.0,1.0,0,gpid_tilde,ok,,1.000000048070173,0.2924812022904051,0.2924812022904051,0.41503743914689584,1.292481250360578,1.292481250360578,1.999999891797879,0.0,0.0,0.0,1109.7246139638592
all_atoms_positive,source1_dim,501,2,501,2,1.4142135623730951,1.4142135623730951,1.0,1.0,1,gpid_tilde,ok,,1.000000048070173,0.2924812022904051,0.2924812022904051,0.41503743914689584,1.292481250360578,1.292481250360578,1.999999891797879,0.0,0.0,0.0,1120.4423372980673
all_atoms_positive,source1_dim,501,2,501,2,1.4142135623730951,1.4142135623730951,1.0,1.0,2,gpid_tilde,ok,,1.000000048070173,0.2924812022904051,0.2924812022904051,0.41503743914689584,1.292481250360578,1.292481250360578,1.999999891797879,0.0,0.0,0.0,920.0098974809516
all_atoms_positive,source1_dim,501,2,501,2,1.4142135623730951,1.4142135623730951,1.0,1.0,3,gpid_tilde,ok,,1.000000048070173,0.2924812022904051,0.2924812022904051,0.41503743914689584,1.292481250360578,1.292481250360578,1.999999891797879,0.0,0.0,0.0,1018.034311525058
all_atoms_positive,source1_dim,501,2,501,2,1.4142135623730951,1.4142135623730951,1.0,1.0,4,gpid_tilde,ok,,1.000000048070173,0.2924812022904051,0.2924812022904051,0.41503743914689584,1.292481250360578,1.292481250360578,1.999999891797879,0.0,0.0,0.0,1084.3882901030593
all_atoms_positive,source1_dim,501,2,501,2,1.4142135623730951,1.4142135623730951,1.0,1.0,0,thin_pid,ok,,0.9999999999992384,0.29248125036133965,0.29248125036133965,0.41503739107596127,1.292481250360578,1.292481250360578,1.999999891797879,0.0,0.0,0.0,943.4777682051063
all_atoms_positive,source1_dim,501,2,501,2,1.4142135623730951,1.4142135623730951,1.0,1.0,1,thin_pid,ok,,0.9999999999992384,0.29248125036133965,0.29248125036133965,0.41503739107596127,1.292481250360578,1.292481250360578,1.999999891797879,0.0,0.0,0.0,949.1748250168748
all_atoms_positive,source1_dim,501,2,501,2,1.4142135623730951,1.4142135623730951,1.0,1.0,2,thin_pid,ok,,0.9999999999992384,0.29248125036133965,0.29248125036133965,0.41503739107596127,1.292481250360578,1.292481250360578,1.999999891797879,0.0,0.0,0.0,952.6110453780275
all_atoms_positive,source1_dim,501,2,501,2,1.4142135623730951,1.4142135623730951,1.0,1.0,3,thin_pid,ok,,0.9999999999992384,0.29248125036133965,0.29248125036133965,0.41503739107596127,1.292481250360578,1.292481250360578,1.999999891797879,0.0,0.0,0.0,957.2115125821438
all_atoms_positive,source1_dim,501,2,501,2,1.4142135623730951,1.4142135623730951,1.0,1.0,4,thin_pid,ok,,0.9999999999992384,0.29248125036133965,0.29248125036133965,0.41503739107596127,1.292481250360578,1.292481250360578,1.999999891797879,0.0,0.0,0.0,952.4038877089042
all_atoms_positive,source1_dim,501,2,501,2,1.4142135623730951,1.4142135623730951,1.0,1.0,0,eigen_pid,ok,,0.9999999999999998,0.2924812503605783,0.29248125036057837,0.4150374992788435,1.292481250360578,1.292481250360578,2.0,0.0,-5.551115123125783e-17,-1.1102230246251565e-16,0.3966890329029411
all_atoms_positive,source1_dim,501,2,501,2,1.4142135623730951,1.4142135623730951,1.0,1.0,1,eigen_pid,ok,,0.9999999999999998,0.2924812503605783,0.29248125036057837,0.4150374992788435,1.292481250360578,1.292481250360578,2.0,0.0,-5.551115123125783e-17,-1.1102230246251565e-16,0.15834177611395717
all_atoms_positive,source1_dim,501,2,501,2,1.4142135623730951,1.4142135623730951,1.0,1.0,2,eigen_pid,ok,,0.9999999999999998,0.2924812503605783,0.29248125036057837,0.4150374992788435,1.292481250360578,1.292481250360578,2.0,0.0,-5.551115123125783e-17,-1.1102230246251565e-16,0.33162079798057675
all_atoms_positive,source1_dim,501,2,501,2,1.4142135623730951,1.4142135623730951,1.0,1.0,3,eigen_pid,ok,,0.9999999999999998,0.2924812503605783,0.29248125036057837,0.4150374992788435,1.292481250360578,1.292481250360578,2.0,0.0,-5.551115123125783e-17,-1.1102230246251565e-16,0.22863166499882936
all_atoms_positive,source1_dim,501,2,501,2,1.4142135623730951,1.4142135623730951,1.0,1.0,4,eigen_pid,ok,,0.9999999999999998,0.2924812503605783,0.29248125036057837,0.4150374992788435,1.292481250360578,1.292481250360578,2.0,0.0,-5.551115123125783e-17,-1.1102230246251565e-16,0.042285484028980136
all_atoms_positive,source1_dim,551,2,551,2,1.4142135623730951,1.4142135623730951,1.0,1.0,0,gpid_tilde,ok,,1.000000048070173,0.2924812022904051,0.2924812022904051,0.41503743914689584,1.292481250360578,1.292481250360578,1.999999891797879,0.0,0.0,0.0,1248.830977900885
all_atoms_positive,source1_dim,551,2,551,2,1.4142135623730951,1.4142135623730951,1.0,1.0,1,gpid_tilde,ok,,1.000000048070173,0.2924812022904051,0.2924812022904051,0.41503743914689584,1.292481250360578,1.292481250360578,1.999999891797879,0.0,0.0,0.0,1273.9507724831346
all_atoms_positive,source1_dim,551,2,551,2,1.4142135623730951,1.4142135623730951,1.0,1.0,2,gpid_tilde,ok,,1.000000048070173,0.2924812022904051,0.2924812022904051,0.41503743914689584,1.292481250360578,1.292481250360578,1.999999891797879,0.0,0.0,0.0,1253.0659854949918
all_atoms_positive,source1_dim,551,2,551,2,1.4142135623730951,1.4142135623730951,1.0,1.0,3,gpid_tilde,ok,,1.000000048070173,0.2924812022904051,0.2924812022904051,0.41503743914689584,1.292481250360578,1.292481250360578,1.999999891797879,0.0,0.0,0.0,1257.5077376610134
all_atoms_positive,source1_dim,551,2,551,2,1.4142135623730951,1.4142135623730951,1.0,1.0,4,gpid_tilde,ok,,1.000000048070173,0.2924812022904051,0.2924812022904051,0.41503743914689584,1.292481250360578,1.292481250360578,1.999999891797879,0.0,0.0,0.0,1260.426114300033
all_atoms_positive,source1_dim,551,2,551,2,1.4142135623730951,1.4142135623730951,1.0,1.0,0,thin_pid,ok,,0.9999999999992384,0.29248125036133965,0.29248125036133965,0.41503739107596127,1.292481250360578,1.292481250360578,1.999999891797879,0.0,0.0,0.0,1041.4354525201488
all_atoms_positive,source1_dim,551,2,551,2,1.4142135623730951,1.4142135623730951,1.0,1.0,1,thin_pid,ok,,0.9999999999992384,0.29248125036133965,0.29248125036133965,0.41503739107596127,1.292481250360578,1.292481250360578,1.999999891797879,0.0,0.0,0.0,1026.0627427408472
all_atoms_positive,source1_dim,551,2,551,2,1.4142135623730951,1.4142135623730951,1.0,1.0,2,thin_pid,ok,,0.9999999999992384,0.29248125036133965,0.29248125036133965,0.41503739107596127,1.292481250360578,1.292481250360578,1.999999891797879,0.0,0.0,0.0,1043.9068197931629
all_atoms_positive,source1_dim,551,2,551,2,1.4142135623730951,1.4142135623730951,1.0,1.0,3,thin_pid,ok,,0.9999999999992384,0.29248125036133965,0.29248125036133965,0.41503739107596127,1.292481250360578,1.292481250360578,1.999999891797879,0.0,0.0,0.0,1035.8558411530685
all_atoms_positive,source1_dim,551,2,551,2,1.4142135623730951,1.4142135623730951,1.0,1.0,4,thin_pid,ok,,0.9999999999992384,0.29248125036133965,0.29248125036133965,0.41503739107596127,1.292481250360578,1.292481250360578,1.999999891797879,0.0,0.0,0.0,1054.5678827799857
all_atoms_positive,source1_dim,551,2,551,2,1.4142135623730951,1.4142135623730951,1.0,1.0,0,eigen_pid,ok,,0.9999999999999998,0.2924812503605783,0.29248125036057837,0.4150374992788435,1.292481250360578,1.292481250360578,2.0,0.0,-5.551115123125783e-17,-1.1102230246251565e-16,0.8595857080072165
all_atoms_positive,source1_dim,551,2,551,2,1.4142135623730951,1.4142135623730951,1.0,1.0,1,eigen_pid,ok,,0.9999999999999998,0.2924812503605783,0.29248125036057837,0.4150374992788435,1.292481250360578,1.292481250360578,2.0,0.0,-5.551115123125783e-17,-1.1102230246251565e-16,0.5930255299899727
all_atoms_positive,source1_dim,551,2,551,2,1.4142135623730951,1.4142135623730951,1.0,1.0,2,eigen_pid,ok,,0.9999999999999998,0.2924812503605783,0.29248125036057837,0.4150374992788435,1.292481250360578,1.292481250360578,2.0,0.0,-5.551115123125783e-17,-1.1102230246251565e-16,0.5647840050514787
all_atoms_positive,source1_dim,551,2,551,2,1.4142135623730951,1.4142135623730951,1.0,1.0,3,eigen_pid,ok,,0.9999999999999998,0.2924812503605783,0.29248125036057837,0.4150374992788435,1.292481250360578,1.292481250360578,2.0,0.0,-5.551115123125783e-17,-1.1102230246251565e-16,0.5347795139532536
all_atoms_positive,source1_dim,551,2,551,2,1.4142135623730951,1.4142135623730951,1.0,1.0,4,eigen_pid,ok,,0.9999999999999998,0.2924812503605783,0.29248125036057837,0.4150374992788435,1.292481250360578,1.292481250360578,2.0,0.0,-5.551115123125783e-17,-1.1102230246251565e-16,0.5520663990173489
all_atoms_positive,source1_dim,601,2,601,2,1.4142135623730951,1.4142135623730951,1.0,1.0,0,gpid_tilde,ok,,1.000000048070173,0.2924812022904051,0.2924812022904051,0.41503743914689584,1.292481250360578,1.292481250360578,1.999999891797879,0.0,0.0,0.0,1427.8075111440849
all_atoms_positive,source1_dim,601,2,601,2,1.4142135623730951,1.4142135623730951,1.0,1.0,1,gpid_tilde,ok,,1.000000048070173,0.2924812022904051,0.2924812022904051,0.41503743914689584,1.292481250360578,1.292481250360578,1.999999891797879,0.0,0.0,0.0,1428.2397844900843
all_atoms_positive,source1_dim,601,2,601,2,1.4142135623730951,1.4142135623730951,1.0,1.0,2,gpid_tilde,ok,,1.000000048070173,0.2924812022904051,0.2924812022904051,0.41503743914689584,1.292481250360578,1.292481250360578,1.999999891797879,0.0,0.0,0.0,1434.2597541350406
all_atoms_positive,source1_dim,601,2,601,2,1.4142135623730951,1.4142135623730951,1.0,1.0,3,gpid_tilde,ok,,1.000000048070173,0.2924812022904051,0.2924812022904051,0.41503743914689584,1.292481250360578,1.292481250360578,1.999999891797879,0.0,0.0,0.0,1433.7284605090972
all_atoms_positive,source1_dim,601,2,601,2,1.4142135623730951,1.4142135623730951,1.0,1.0,4,gpid_tilde,ok,,1.000000048070173,0.2924812022904051,0.2924812022904051,0.41503743914689584,1.292481250360578,1.292481250360578,1.999999891797879,0.0,0.0,0.0,1410.8974642159883
all_atoms_positive,source1_dim,601,2,601,2,1.4142135623730951,1.4142135623730951,1.0,1.0,0,thin_pid,ok,,0.9999999999992384,0.29248125036133965,0.29248125036133965,0.41503739107596127,1.292481250360578,1.292481250360578,1.999999891797879,0.0,0.0,0.0,1142.8066656328738
all_atoms_positive,source1_dim,601,2,601,2,1.4142135623730951,1.4142135623730951,1.0,1.0,1,thin_pid,ok,,0.9999999999992384,0.29248125036133965,0.29248125036133965,0.41503739107596127,1.292481250360578,1.292481250360578,1.999999891797879,0.0,0.0,0.0,1159.9920083659235
all_atoms_positive,source1_dim,601,2,601,2,1.4142135623730951,1.4142135623730951,1.0,1.0,2,thin_pid,ok,,0.9999999999992384,0.29248125036133965,0.29248125036133965,0.41503739107596127,1.292481250360578,1.292481250360578,1.999999891797879,0.0,0.0,0.0,1156.6687030259054
all_atoms_positive,source1_dim,601,2,601,2,1.4142135623730951,1.4142135623730951,1.0,1.0,3,thin_pid,ok,,0.9999999999992384,0.29248125036133965,0.29248125036133965,0.41503739107596127,1.292481250360578,1.292481250360578,1.999999891797879,0.0,0.0,0.0,1159.5040133651346
all_atoms_positive,source1_dim,601,2,601,2,1.4142135623730951,1.4142135623730951,1.0,1.0,4,thin_pid,ok,,0.9999999999992384,0.29248125036133965,0.29248125036133965,0.41503739107596127,1.292481250360578,1.292481250360578,1.999999891797879,0.0,0.0,0.0,1164.7857712621335
all_atoms_positive,source1_dim,601,2,601,2,1.4142135623730951,1.4142135623730951,1.0,1.0,0,eigen_pid,ok,,0.9999999999999998,0.2924812503605783,0.29248125036057837,0.4150374992788435,1.292481250360578,1.292481250360578,2.0,0.0,-5.551115123125783e-17,-1.1102230246251565e-16,0.8279092311859131
all_atoms_positive,source1_dim,601,2,601,2,1.4142135623730951,1.4142135623730951,1.0,1.0,1,eigen_pid,ok,,0.9999999999999998,0.2924812503605783,0.29248125036057837,0.4150374992788435,1.292481250360578,1.292481250360578,2.0,0.0,-5.551115123125783e-17,-1.1102230246251565e-16,0.7138629818800837
all_atoms_positive,source1_dim,601,2,601,2,1.4142135623730951,1.4142135623730951,1.0,1.0,2,eigen_pid,ok,,0.9999999999999998,0.2924812503605783,0.29248125036057837,0.4150374992788435,1.292481250360578,1.292481250360578,2.0,0.0,-5.551115123125783e-17,-1.1102230246251565e-16,0.6932674320414662
all_atoms_positive,source1_dim,601,2,601,2,1.4142135623730951,1.4142135623730951,1.0,1.0,3,eigen_pid,ok,,0.9999999999999998,0.2924812503605783,0.29248125036057837,0.4150374992788435,1.292481250360578,1.292481250360578,2.0,0.0,-5.551115123125783e-17,-1.1102230246251565e-16,0.6533113829791546
all_atoms_positive,source1_dim,601,2,601,2,1.4142135623730951,1.4142135623730951,1.0,1.0,4,eigen_pid,ok,,0.9999999999999998,0.2924812503605783,0.29248125036057837,0.4150374992788435,1.292481250360578,1.292481250360578,2.0,0.0,-5.551115123125783e-17,-1.1102230246251565e-16,0.6691279748920351
all_atoms_positive,source1_dim,651,2,651,2,1.4142135623730951,1.4142135623730951,1.0,1.0,0,gpid_tilde,ok,,1.000000048070173,0.2924812022904051,0.2924812022904051,0.41503743914689584,1.292481250360578,1.292481250360578,1.999999891797879,0.0,0.0,0.0,1631.116189840017
all_atoms_positive,source1_dim,651,2,651,2,1.4142135623730951,1.4142135623730951,1.0,1.0,1,gpid_tilde,ok,,1.000000048070173,0.2924812022904051,0.2924812022904051,0.41503743914689584,1.292481250360578,1.292481250360578,1.999999891797879,0.0,0.0,0.0,1637.544394238852
all_atoms_positive,source1_dim,651,2,651,2,1.4142135623730951,1.4142135623730951,1.0,1.0,2,gpid_tilde,ok,,1.000000048070173,0.2924812022904051,0.2924812022904051,0.41503743914689584,1.292481250360578,1.292481250360578,1.999999891797879,0.0,0.0,0.0,1640.7814262609463
all_atoms_positive,source1_dim,651,2,651,2,1.4142135623730951,1.4142135623730951,1.0,1.0,3,gpid_tilde,ok,,1.000000048070173,0.2924812022904051,0.2924812022904051,0.41503743914689584,1.292481250360578,1.292481250360578,1.999999891797879,0.0,0.0,0.0,1655.695459870156
all_atoms_positive,source1_dim,651,2,651,2,1.4142135623730951,1.4142135623730951,1.0,1.0,4,gpid_tilde,ok,,1.000000048070173,0.2924812022904051,0.2924812022904051,0.41503743914689584,1.292481250360578,1.292481250360578,1.999999891797879,0.0,0.0,0.0,1642.3643657618668
all_atoms_positive,source1_dim,651,2,651,2,1.4142135623730951,1.4142135623730951,1.0,1.0,0,thin_pid,ok,,0.9999999999992384,0.29248125036133965,0.29248125036133965,0.41503739107596127,1.292481250360578,1.292481250360578,1.999999891797879,0.0,0.0,0.0,1248.1404146240093
all_atoms_positive,source1_dim,651,2,651,2,1.4142135623730951,1.4142135623730951,1.0,1.0,1,thin_pid,ok,,0.9999999999992384,0.29248125036133965,0.29248125036133965,0.41503739107596127,1.292481250360578,1.292481250360578,1.999999891797879,0.0,0.0,0.0,1239.3481948729604
all_atoms_positive,source1_dim,651,2,651,2,1.4142135623730951,1.4142135623730951,1.0,1.0,2,thin_pid,ok,,0.9999999999992384,0.29248125036133965,0.29248125036133965,0.41503739107596127,1.292481250360578,1.292481250360578,1.999999891797879,0.0,0.0,0.0,1244.2987559239846
all_atoms_positive,source1_dim,651,2,651,2,1.4142135623730951,1.4142135623730951,1.0,1.0,3,thin_pid,ok,,0.9999999999992384,0.29248125036133965,0.29248125036133965,0.41503739107596127,1.292481250360578,1.292481250360578,1.999999891797879,0.0,0.0,0.0,1241.9881179539952
all_atoms_positive,source1_dim,651,2,651,2,1.4142135623730951,1.4142135623730951,1.0,1.0,4,thin_pid,ok,,0.9999999999992384,0.29248125036133965,0.29248125036133965,0.41503739107596127,1.292481250360578,1.292481250360578,1.999999891797879,0.0,0.0,0.0,1236.3596939821728
all_atoms_positive,source1_dim,651,2,651,2,1.4142135623730951,1.4142135623730951,1.0,1.0,0,eigen_pid,ok,,0.9999999999999998,0.2924812503605783,0.29248125036057837,0.4150374992788435,1.292481250360578,1.292481250360578,2.0,0.0,-5.551115123125783e-17,-1.1102230246251565e-16,1.0128859640099108
all_atoms_positive,source1_dim,651,2,651,2,1.4142135623730951,1.4142135623730951,1.0,1.0,1,eigen_pid,ok,,0.9999999999999998,0.2924812503605783,0.29248125036057837,0.4150374992788435,1.292481250360578,1.292481250360578,2.0,0.0,-5.551115123125783e-17,-1.1102230246251565e-16,0.9048256368841976
all_atoms_positive,source1_dim,651,2,651,2,1.4142135623730951,1.4142135623730951,1.0,1.0,2,eigen_pid,ok,,0.9999999999999998,0.2924812503605783,0.29248125036057837,0.4150374992788435,1.292481250360578,1.292481250360578,2.0,0.0,-5.551115123125783e-17,-1.1102230246251565e-16,0.8612872459925711
all_atoms_positive,source1_dim,651,2,651,2,1.4142135623730951,1.4142135623730951,1.0,1.0,3,eigen_pid,ok,,0.9999999999999998,0.2924812503605783,0.29248125036057837,0.4150374992788435,1.292481250360578,1.292481250360578,2.0,0.0,-5.551115123125783e-17,-1.1102230246251565e-16,0.8081768960691988
all_atoms_positive,source1_dim,651,2,651,2,1.4142135623730951,1.4142135623730951,1.0,1.0,4,eigen_pid,ok,,0.9999999999999998,0.2924812503605783,0.29248125036057837,0.4150374992788435,1.292481250360578,1.292481250360578,2.0,0.0,-5.551115123125783e-17,-1.1102230246251565e-16,0.8498697020113468
all_atoms_positive,source1_dim,701,2,701,2,1.4142135623730951,1.4142135623730951,1.0,1.0,0,gpid_tilde,ok,,1.000000048070173,0.2924812022904051,0.2924812022904051,0.41503743914689584,1.292481250360578,1.292481250360578,1.999999891797879,0.0,0.0,0.0,1788.2501361169852
all_atoms_positive,source1_dim,701,2,701,2,1.4142135623730951,1.4142135623730951,1.0,1.0,1,gpid_tilde,ok,,1.000000048070173,0.2924812022904051,0.2924812022904051,0.41503743914689584,1.292481250360578,1.292481250360578,1.999999891797879,0.0,0.0,0.0,1805.6346979511436
all_atoms_positive,source1_dim,701,2,701,2,1.4142135623730951,1.4142135623730951,1.0,1.0,2,gpid_tilde,ok,,1.000000048070173,0.2924812022904051,0.2924812022904051,0.41503743914689584,1.292481250360578,1.292481250360578,1.999999891797879,0.0,0.0,0.0,2074.1692423529457
all_atoms_positive,source1_dim,701,2,701,2,1.4142135623730951,1.4142135623730951,1.0,1.0,3,gpid_tilde,ok,,1.000000048070173,0.2924812022904051,0.2924812022904051,0.41503743914689584,1.292481250360578,1.292481250360578,1.999999891797879,0.0,0.0,0.0,2479.36096951901
all_atoms_positive,source1_dim,701,2,701,2,1.4142135623730951,1.4142135623730951,1.0,1.0,4,gpid_tilde,ok,,1.000000048070173,0.2924812022904051,0.2924812022904051,0.41503743914689584,1.292481250360578,1.292481250360578,1.999999891797879,0.0,0.0,0.0,2351.866570393089
all_atoms_positive,source1_dim,701,2,701,2,1.4142135623730951,1.4142135623730951,1.0,1.0,0,thin_pid,ok,,0.9999999999992384,0.29248125036133965,0.29248125036133965,0.41503739107596127,1.292481250360578,1.292481250360578,1.999999891797879,0.0,0.0,0.0,1466.3774587230291
all_atoms_positive,source1_dim,701,2,701,2,1.4142135623730951,1.4142135623730951,1.0,1.0,1,thin_pid,ok,,0.9999999999992384,0.29248125036133965,0.29248125036133965,0.41503739107596127,1.292481250360578,1.292481250360578,1.999999891797879,0.0,0.0,0.0,1486.125889634015
all_atoms_positive,source1_dim,701,2,701,2,1.4142135623730951,1.4142135623730951,1.0,1.0,2,thin_pid,ok,,0.9999999999992384,0.29248125036133965,0.29248125036133965,0.41503739107596127,1.292481250360578,1.292481250360578,1.999999891797879,0.0,0.0,0.0,1499.2535944108386
all_atoms_positive,source1_dim,701,2,701,2,1.4142135623730951,1.4142135623730951,1.0,1.0,3,thin_pid,ok,,0.9999999999992384,0.29248125036133965,0.29248125036133965,0.41503739107596127,1.292481250360578,1.292481250360578,1.999999891797879,0.0,0.0,0.0,1477.6838737048674
all_atoms_positive,source1_dim,701,2,701,2,1.4142135623730951,1.4142135623730951,1.0,1.0,4,thin_pid,ok,,0.9999999999992384,0.29248125036133965,0.29248125036133965,0.41503739107596127,1.292481250360578,1.292481250360578,1.999999891797879,0.0,0.0,0.0,1494.3798015690409
all_atoms_positive,source1_dim,701,2,701,2,1.4142135623730951,1.4142135623730951,1.0,1.0,0,eigen_pid,ok,,0.9999999999999998,0.2924812503605783,0.29248125036057837,0.4150374992788435,1.292481250360578,1.292481250360578,2.0,0.0,-5.551115123125783e-17,-1.1102230246251565e-16,1.3148549811448902
all_atoms_positive,source1_dim,701,2,701,2,1.4142135623730951,1.4142135623730951,1.0,1.0,1,eigen_pid,ok,,0.9999999999999998,0.2924812503605783,0.29248125036057837,0.4150374992788435,1.292481250360578,1.292481250360578,2.0,0.0,-5.551115123125783e-17,-1.1102230246251565e-16,1.2298843478783965
all_atoms_positive,source1_dim,701,2,701,2,1.4142135623730951,1.4142135623730951,1.0,1.0,2,eigen_pid,ok,,0.9999999999999998,0.2924812503605783,0.29248125036057837,0.4150374992788435,1.292481250360578,1.292481250360578,2.0,0.0,-5.551115123125783e-17,-1.1102230246251565e-16,1.1806135450024158
all_atoms_positive,source1_dim,701,2,701,2,1.4142135623730951,1.4142135623730951,1.0,1.0,3,eigen_pid,ok,,0.9999999999999998,0.2924812503605783,0.29248125036057837,0.4150374992788435,1.292481250360578,1.292481250360578,2.0,0.0,-5.551115123125783e-17,-1.1102230246251565e-16,1.1993388070259243
all_atoms_positive,source1_dim,701,2,701,2,1.4142135623730951,1.4142135623730951,1.0,1.0,4,eigen_pid,ok,,0.9999999999999998,0.2924812503605783,0.29248125036057837,0.4150374992788435,1.292481250360578,1.292481250360578,2.0,0.0,-5.551115123125783e-17,-1.1102230246251565e-16,1.1360417939722538
all_atoms_positive,source1_dim,751,2,751,2,1.4142135623730951,1.4142135623730951,1.0,1.0,0,gpid_tilde,ok,,1.000000048070173,0.2924812022904051,0.2924812022904051,0.41503743914689584,1.292481250360578,1.292481250360578,1.999999891797879,0.0,0.0,0.0,2244.716535697924
all_atoms_positive,source1_dim,751,2,751,2,1.4142135623730951,1.4142135623730951,1.0,1.0,1,gpid_tilde,ok,,1.000000048070173,0.2924812022904051,0.2924812022904051,0.41503743914689584,1.292481250360578,1.292481250360578,1.999999891797879,0.0,0.0,0.0,2130.214343691943
all_atoms_positive,source1_dim,751,2,751,2,1.4142135623730951,1.4142135623730951,1.0,1.0,2,gpid_tilde,ok,,1.000000048070173,0.2924812022904051,0.2924812022904051,0.41503743914689584,1.292481250360578,1.292481250360578,1.999999891797879,0.0,0.0,0.0,2320.1377362189814
all_atoms_positive,source1_dim,751,2,751,2,1.4142135623730951,1.4142135623730951,1.0,1.0,3,gpid_tilde,ok,,1.000000048070173,0.2924812022904051,0.2924812022904051,0.41503743914689584,1.292481250360578,1.292481250360578,1.999999891797879,0.0,0.0,0.0,2337.8536534809973
all_atoms_positive,source1_dim,751,2,751,2,1.4142135623730951,1.4142135623730951,1.0,1.0,4,gpid_tilde,ok,,1.000000048070173,0.2924812022904051,0.2924812022904051,0.41503743914689584,1.292481250360578,1.292481250360578,1.999999891797879,0.0,0.0,0.0,2339.204476298066
all_atoms_positive,source1_dim,751,2,751,2,1.4142135623730951,1.4142135623730951,1.0,1.0,0,thin_pid,ok,,0.9999999999992384,0.29248125036133965,0.29248125036133965,0.41503739107596127,1.292481250360578,1.292481250360578,1.999999891797879,0.0,0.0,0.0,1593.135703196982
all_atoms_positive,source1_dim,751,2,751,2,1.4142135623730951,1.4142135623730951,1.0,1.0,1,thin_pid,ok,,0.9999999999992384,0.29248125036133965,0.29248125036133965,0.41503739107596127,1.292481250360578,1.292481250360578,1.999999891797879,0.0,0.0,0.0,1603.6416555321775
all_atoms_positive,source1_dim,751,2,751,2,1.4142135623730951,1.4142135623730951,1.0,1.0,2,thin_pid,ok,,0.9999999999992384,0.29248125036133965,0.29248125036133965,0.41503739107596127,1.292481250360578,1.292481250360578,1.999999891797879,0.0,0.0,0.0,1597.0778901490849
all_atoms_positive,source1_dim,751,2,751,2,1.4142135623730951,1.4142135623730951,1.0,1.0,3,thin_pid,ok,,0.9999999999992384,0.29248125036133965,0.29248125036133965,0.41503739107596127,1.292481250360578,1.292481250360578,1.999999891797879,0.0,0.0,0.0,1596.7839157588314
all_atoms_positive,source1_dim,751,2,751,2,1.4142135623730951,1.4142135623730951,1.0,1.0,4,thin_pid,ok,,0.9999999999992384,0.29248125036133965,0.29248125036133965,0.41503739107596127,1.292481250360578,1.292481250360578,1.999999891797879,0.0,0.0,0.0,1602.4819001019932
all_atoms_positive,source1_dim,751,2,751,2,1.4142135623730951,1.4142135623730951,1.0,1.0,0,eigen_pid,ok,,0.9999999999999998,0.2924812503605783,0.29248125036057837,0.4150374992788435,1.292481250360578,1.292481250360578,2.0,0.0,-5.551115123125783e-17,-1.1102230246251565e-16,1.1941575119271874
all_atoms_positive,source1_dim,751,2,751,2,1.4142135623730951,1.4142135623730951,1.0,1.0,1,eigen_pid,ok,,0.9999999999999998,0.2924812503605783,0.29248125036057837,0.4150374992788435,1.292481250360578,1.292481250360578,2.0,0.0,-5.551115123125783e-17,-1.1102230246251565e-16,1.0356474448926747
all_atoms_positive,source1_dim,751,2,751,2,1.4142135623730951,1.4142135623730951,1.0,1.0,2,eigen_pid,ok,,0.9999999999999998,0.2924812503605783,0.29248125036057837,0.4150374992788435,1.292481250360578,1.292481250360578,2.0,0.0,-5.551115123125783e-17,-1.1102230246251565e-16,1.1007713880389929
all_atoms_positive,source1_dim,751,2,751,2,1.4142135623730951,1.4142135623730951,1.0,1.0,3,eigen_pid,ok,,0.9999999999999998,0.2924812503605783,0.29248125036057837,0.4150374992788435,1.292481250360578,1.292481250360578,2.0,0.0,-5.551115123125783e-17,-1.1102230246251565e-16,1.148162123048678
all_atoms_positive,source1_dim,751,2,751,2,1.4142135623730951,1.4142135623730951,1.0,1.0,4,eigen_pid,ok,,0.9999999999999998,0.2924812503605783,0.29248125036057837,0.4150374992788435,1.292481250360578,1.292481250360578,2.0,0.0,-5.551115123125783e-17,-1.1102230246251565e-16,1.2134667348582298
