swept_variable,swept_dimension,target_dim,source1_dim,source2_dim,method,minimum_eigenvalue,redundancy,unique_source1,unique_source2,synergy,I(source1;target),I(source2;target),"I(source1,source2;target)",runtime_seconds,max_abs_diff_vs_eigen
source1,10,50,10,55,gpid_tilde,0.2087121525220787,3.304820237218408,0.0,29.00721102179604,1.4624040977792134,3.304820237218406,32.31203125901445,33.77443535679366,0.2319759288802743,2.154023682976458e-06
source1,10,50,10,55,thin_pid,0.2087121525220787,3.304820236017278,1.2011298622383038e-09,29.00721102299717,1.4624040965780836,3.304820237218406,32.31203125901445,33.77443535679366,0.2506726300343871,2.155224805733269e-06
source1,10,50,10,55,eigen_pid,0.2087121525220787,3.3048202372184052,0.0,29.00721102179605,1.4624062518028893,3.3048202372184057,32.312031259014454,33.77443751081734,0.04957207012921572,0.0
source1,20,50,20,55,gpid_tilde,0.20871215252207725,6.609640474436816,0.0,25.702390784577634,2.9248102994885343,6.609640474436812,32.31203125901445,35.23684155850298,0.21724513894878328,2.204117258486349e-06
source1,20,50,20,55,thin_pid,0.20871215252207725,6.6096404733246885,1.1121272791569936e-09,25.70239078568976,2.924810298376407,6.609640474436812,32.31203125901445,35.23684155850298,0.2533893929794431,2.2052293786600785e-06
source1,20,50,20,55,eigen_pid,0.20871215252207725,6.6096404744368105,0.0,25.702390784577645,2.9248125036057857,6.609640474436811,32.312031259014454,35.23684376262024,0.03662804700434208,0.0
source1,30,50,30,55,gpid_tilde,0.20871215252207878,9.914460711655224,0.0,22.397570547359223,4.387216501197862,9.914460711655222,32.31203125901445,36.69924776021231,0.34723576717078686,2.254210819785385e-06
source1,30,50,30,55,thin_pid,0.20871215252207878,9.914460710457135,1.1980887393292505e-09,22.39757054855731,4.387216499999774,9.914460711655222,32.31203125901445,36.69924776021231,0.3053922459948808,2.255408901419287e-06
source1,30,50,30,55,eigen_pid,0.20871215252207878,9.914460711655217,0.0,22.397570547359237,4.387218755408675,9.914460711655218,32.312031259014454,36.69925001442313,0.058564579114317894,0.0
source1,40,50,40,55,gpid_tilde,0.20871215252207861,13.219280948873624,0.0,19.092750310140822,5.849622702907162,13.219280948873624,32.31203125901445,38.16165396192161,0.39625771692954004,2.3043044095061305e-06
source1,40,50,40,55,thin_pid,0.20871215252207861,13.219280947585595,1.288029238821764e-09,19.09275031142885,5.849622701619133,13.219280948873624,32.31203125901445,38.16165396192161,0.3053149380721152,2.305592431639525e-06
source1,40,50,40,55,eigen_pid,0.20871215252207861,13.219280948873624,0.0,19.09275031014083,5.849625007211564,13.219280948873623,32.312031259014454,38.16165626622602,0.06664965907111764,0.0
source1,50,50,50,55,gpid_tilde,0.20871215252207836,16.524101186092025,0.0,15.787930072922425,7.312028904616469,16.52410118609202,32.31203125901445,39.624060163630915,0.4580986190121621,2.3543979850160213e-06
source1,50,50,50,55,thin_pid,0.20871215252207836,16.524101184481978,1.6100472066682414e-09,15.787930074532472,7.312028903006421,16.52410118609202,32.31203125901445,39.624060163630915,7.952126062009484,2.356008025117262e-06
source1,50,50,50,55,eigen_pid,0.20871215252207836,16.524101186092025,0.0,15.787930072922427,7.3120312590144465,16.52410118609203,32.312031259014454,39.6240625180289,0.14187181205488741,0.0
source1,60,50,60,55,gpid_tilde,0.20871215252207856,16.524101186092025,0.0,15.787930072922425,7.312028904616469,16.52410118609202,32.31203125901445,39.624060163630915,0.49425882706418633,2.3543979850160213e-06
source1,60,50,60,55,thin_pid,0.20871215252207856,16.524101186092025,0.0,15.787930072922425,7.312028904616469,16.52410118609202,32.31203125901445,39.624060163630915,6.858056985074654,2.3543979850160213e-06
source1,60,50,60,55,eigen_pid,0.20871215252207856,16.524101186092025,0.0,15.787930072922427,7.3120312590144465,16.52410118609203,32.312031259014454,39.6240625180289,0.09890293306671083,0.0
source1,70,50,70,55,gpid_tilde,0.20871215252207637,16.524101186092025,0.0,15.787930072922425,7.312028904616469,16.52410118609202,32.31203125901445,39.624060163630915,5.164137816056609,2.3543979850160213e-06
source1,70,50,70,55,thin_pid,0.20871215252207637,16.524101186092025,0.0,15.787930072922425,7.312028904616469,16.52410118609202,32.31203125901445,39.624060163630915,6.928243516013026,2.3543979850160213e-06
source1,70,50,70,55,eigen_pid,0.20871215252207637,16.524101186092025,0.0,15.787930072922427,7.3120312590144465,16.52410118609203,32.312031259014454,39.6240625180289,0.11172115593217313,0.0
source1,80,50,80,55,gpid_tilde,0.20871215252207867,16.524101186092025,0.0,15.787930072922425,7.312028904616469,16.52410118609202,32.31203125901445,39.624060163630915,5.5011109749320894,2.3543979850160213e-06
source1,80,50,80,55,thin_pid,0.20871215252207867,16.524101186092025,0.0,15.787930072922425,7.312028904616469,16.52410118609202,32.31203125901445,39.624060163630915,6.945242729038,2.3543979850160213e-06
source1,80,50,80,55,eigen_pid,0.20871215252207867,16.524101186092025,0.0,15.787930072922427,7.3120312590144465,16.52410118609203,32.312031259014454,39.6240625180289,0.13268691184930503,0.0
source1,90,50,90,55,gpid_tilde,0.2087121525220764,16.524101186092025,0.0,15.787930072922425,7.312028904616469,16.52410118609202,32.31203125901445,39.624060163630915,0.6868423069827259,2.3543979850160213e-06
source1,90,50,90,55,thin_pid,0.2087121525220764,16.524101186092025,0.0,15.787930072922425,7.312028904616469,16.52410118609202,32.31203125901445,39.624060163630915,7.914519821060821,2.3543979850160213e-06
source1,90,50,90,55,eigen_pid,0.2087121525220764,16.524101186092025,0.0,15.787930072922427,7.3120312590144465,16.52410118609203,32.312031259014454,39.6240625180289,0.14782942994497716,0.0
source1,100,50,100,55,gpid_tilde,0.2087121525220782,16.524101186092025,0.0,15.787930072922425,7.312028904616469,16.52410118609202,32.31203125901445,39.624060163630915,0.7418348719365895,2.3543979850160213e-06
source1,100,50,100,55,thin_pid,0.2087121525220782,16.524101186092025,0.0,15.787930072922425,7.312028904616469,16.52410118609202,32.31203125901445,39.624060163630915,7.666479632956907,2.3543979850160213e-06
source1,100,50,100,55,eigen_pid,0.2087121525220782,16.524101186092025,0.0,15.787930072922427,7.3120312590144465,16.52410118609203,32.312031259014454,39.6240625180289,0.14181454991921782,0.0
source1,110,50,110,55,gpid_tilde,0.20871215252207845,16.524101186092025,0.0,15.787930072922425,7.312028904616469,16.52410118609202,32.31203125901445,39.624060163630915,0.9178084009326994,2.3543979850160213e-06
source1,110,50,110,55,thin_pid,0.20871215252207845,16.524101186092025,0.0,15.787930072922425,7.312028904616469,16.52410118609202,32.31203125901445,39.624060163630915,8.052613001083955,2.3543979850160213e-06
source1,110,50,110,55,eigen_pid,0.20871215252207845,16.524101186092025,0.0,15.787930072922427,7.3120312590144465,16.52410118609203,32.312031259014454,39.6240625180289,0.1727035290095955,0.0
source1,120,50,120,55,gpid_tilde,0.20871215252207892,16.524101186092025,0.0,15.787930072922425,7.312028904616469,16.52410118609202,32.31203125901445,39.624060163630915,15.494202780071646,2.3543979850160213e-06
source1,120,50,120,55,thin_pid,0.20871215252207892,16.524101186092025,0.0,15.787930072922425,7.312028904616469,16.52410118609202,32.31203125901445,39.624060163630915,16.784439493902028,2.3543979850160213e-06
source1,120,50,120,55,eigen_pid,0.20871215252207892,16.524101186092025,0.0,15.787930072922427,7.3120312590144465,16.52410118609203,32.312031259014454,39.6240625180289,0.09141530189663172,0.0
source1,130,50,130,55,gpid_tilde,0.20871215252207667,16.524101186092025,0.0,15.787930072922425,7.312028904616469,16.52410118609202,32.31203125901445,39.624060163630915,14.626936224056408,2.3543979850160213e-06
source1,130,50,130,55,thin_pid,0.20871215252207667,16.524101186092025,0.0,15.787930072922425,7.312028904616469,16.52410118609202,32.31203125901445,39.624060163630915,8.994188965996727,2.3543979850160213e-06
source1,130,50,130,55,eigen_pid,0.20871215252207667,16.524101186092025,0.0,15.787930072922427,7.3120312590144465,16.52410118609203,32.312031259014454,39.6240625180289,0.16876424103975296,0.0
source1,140,50,140,55,gpid_tilde,0.2087121525220748,16.524101186092025,0.0,15.787930072922425,7.312028904616469,16.52410118609202,32.31203125901445,39.624060163630915,13.271113337948918,2.3543979850160213e-06
source1,140,50,140,55,thin_pid,0.2087121525220748,16.524101186092025,0.0,15.787930072922425,7.312028904616469,16.52410118609202,32.31203125901445,39.624060163630915,11.627733221044764,2.3543979850160213e-06
source1,140,50,140,55,eigen_pid,0.2087121525220748,16.524101186092025,0.0,15.787930072922427,7.3120312590144465,16.52410118609203,32.312031259014454,39.6240625180289,0.11912658088840544,0.0
source1,150,50,150,55,gpid_tilde,0.20871215252207895,16.524101186092025,0.0,15.787930072922425,7.312028904616469,16.52410118609202,32.31203125901445,39.624060163630915,13.196294588968158,2.3543979850160213e-06
source1,150,50,150,55,thin_pid,0.20871215252207895,16.524101186092025,0.0,15.787930072922425,7.312028904616469,16.52410118609202,32.31203125901445,39.624060163630915,14.065716344164684,2.3543979850160213e-06
source1,150,50,150,55,eigen_pid,0.20871215252207895,16.524101186092025,0.0,15.787930072922427,7.3120312590144465,16.52410118609203,32.312031259014454,39.6240625180289,0.2440437620971352,0.0
source1,160,50,160,55,gpid_tilde,0.20871215252207673,16.524101186092025,0.0,15.787930072922425,7.312028904616469,16.52410118609202,32.31203125901445,39.624060163630915,15.86426255502738,2.3543979850160213e-06
source1,160,50,160,55,thin_pid,0.20871215252207673,16.524101186092025,0.0,15.787930072922425,7.312028904616469,16.52410118609202,32.31203125901445,39.624060163630915,12.806678450200707,2.3543979850160213e-06
source1,160,50,160,55,eigen_pid,0.20871215252207673,16.524101186092025,0.0,15.787930072922427,7.3120312590144465,16.52410118609203,32.312031259014454,39.6240625180289,0.1911065320018679,0.0
source1,170,50,170,55,gpid_tilde,0.20871215252207773,16.524101186092025,0.0,15.787930072922425,7.312028904616469,16.52410118609202,32.31203125901445,39.624060163630915,17.91137980297208,2.3543979850160213e-06
source1,170,50,170,55,thin_pid,0.20871215252207773,16.524101186092025,0.0,15.787930072922425,7.312028904616469,16.52410118609202,32.31203125901445,39.624060163630915,14.038585639093071,2.3543979850160213e-06
source1,170,50,170,55,eigen_pid,0.20871215252207773,16.524101186092025,0.0,15.787930072922427,7.3120312590144465,16.52410118609203,32.312031259014454,39.6240625180289,0.23005116498097777,0.0
source1,180,50,180,55,gpid_tilde,0.20871215252207717,16.524101186092025,0.0,15.787930072922425,7.312028904616469,16.52410118609202,32.31203125901445,39.624060163630915,19.258612871170044,2.3543979850160213e-06
source1,180,50,180,55,thin_pid,0.20871215252207717,16.524101186092025,0.0,15.787930072922425,7.312028904616469,16.52410118609202,32.31203125901445,39.624060163630915,15.541472191922367,2.3543979850160213e-06
source1,180,50,180,55,eigen_pid,0.20871215252207717,16.524101186092025,0.0,15.787930072922427,7.3120312590144465,16.52410118609203,32.312031259014454,39.6240625180289,0.1010687171947211,0.0
source1,190,50,190,55,gpid_tilde,0.20871215252207623,16.524101186092025,0.0,15.787930072922425,7.312028904616469,16.52410118609202,32.31203125901445,39.624060163630915,21.20448039099574,2.3543979850160213e-06
source1,190,50,190,55,thin_pid,0.20871215252207623,16.524101186092025,0.0,15.787930072922425,7.312028904616469,16.52410118609202,32.31203125901445,39.624060163630915,30.268647158052772,2.3543979850160213e-06
source1,190,50,190,55,eigen_pid,0.20871215252207623,16.524101186092025,0.0,15.787930072922427,7.3120312590144465,16.52410118609203,32.312031259014454,39.6240625180289,0.15701944986358285,0.0
source1,200,50,200,55,gpid_tilde,0.20871215252207886,16.524101186092025,0.0,15.787930072922425,7.312028904616469,16.52410118609202,32.31203125901445,39.624060163630915,26.743877123109996,2.3543979850160213e-06
source1,200,50,200,55,thin_pid,0.20871215252207886,16.524101186092025,0.0,15.787930072922425,7.312028904616469,16.52410118609202,32.31203125901445,39.624060163630915,29.720423720078543,2.3543979850160213e-06
source1,200,50,200,55,eigen_pid,0.20871215252207886,16.524101186092025,0.0,15.787930072922427,7.3120312590144465,16.52410118609203,32.312031259014454,39.6240625180289,0.2608859569299966,0.0
source1,210,50,210,55,gpid_tilde,0.20871215252207675,16.524101186092025,0.0,15.787930072922425,7.312028904616469,16.52410118609202,32.31203125901445,39.624060163630915,29.859450207091868,2.3543979850160213e-06
source1,210,50,210,55,thin_pid,0.20871215252207675,16.524101186092025,0.0,15.787930072922425,7.312028904616469,16.52410118609202,32.31203125901445,39.624060163630915,33.28038950683549,2.3543979850160213e-06
source1,210,50,210,55,eigen_pid,0.20871215252207675,16.524101186092025,0.0,15.787930072922427,7.3120312590144465,16.52410118609203,32.312031259014454,39.6240625180289,0.20300055108964443,0.0
source1,220,50,220,55,gpid_tilde,0.2087121525220791,16.524101186092025,0.0,15.787930072922425,7.312028904616469,16.52410118609202,32.31203125901445,39.624060163630915,32.04898321907967,2.3543979850160213e-06
source1,220,50,220,55,thin_pid,0.2087121525220791,16.524101186092025,0.0,15.787930072922425,7.312028904616469,16.52410118609202,32.31203125901445,39.624060163630915,31.0612402590923,2.3543979850160213e-06
source1,220,50,220,55,eigen_pid,0.2087121525220791,16.524101186092025,0.0,15.787930072922427,7.3120312590144465,16.52410118609203,32.312031259014454,39.6240625180289,0.1658233569469303,0.0
source1,230,50,230,55,gpid_tilde,0.20871215252207878,16.524101186092025,0.0,15.787930072922425,7.312028904616469,16.52410118609202,32.31203125901445,39.624060163630915,35.02881764690392,2.3543979850160213e-06
source1,230,50,230,55,thin_pid,0.20871215252207878,16.524101186092025,0.0,15.787930072922425,7.312028904616469,16.52410118609202,32.31203125901445,39.624060163630915,35.61829461506568,2.3543979850160213e-06
source1,230,50,230,55,eigen_pid,0.20871215252207878,16.524101186092025,0.0,15.787930072922427,7.3120312590144465,16.52410118609203,32.312031259014454,39.6240625180289,0.22568623116239905,0.0
source1,240,50,240,55,gpid_tilde,0.20871215252207578,16.524101186092025,0.0,15.787930072922425,7.312028904616469,16.52410118609202,32.31203125901445,39.624060163630915,36.897744158050045,2.3543979850160213e-06
source1,240,50,240,55,thin_pid,0.20871215252207578,16.524101186092025,0.0,15.787930072922425,7.312028904616469,16.52410118609202,32.31203125901445,39.624060163630915,36.267285792855546,2.3543979850160213e-06
source1,240,50,240,55,eigen_pid,0.20871215252207578,16.524101186092025,0.0,15.787930072922427,7.3120312590144465,16.52410118609203,32.312031259014454,39.6240625180289,0.22689077607356012,0.0
source1,250,50,250,55,gpid_tilde,0.20871215252207892,16.524101186092025,0.0,15.787930072922425,7.312028904616469,16.52410118609202,32.31203125901445,39.624060163630915,39.55480356886983,2.3543979850160213e-06
source1,250,50,250,55,thin_pid,0.20871215252207892,16.524101186092025,0.0,15.787930072922425,7.312028904616469,16.52410118609202,32.31203125901445,39.624060163630915,37.38153504882939,2.3543979850160213e-06
source1,250,50,250,55,eigen_pid,0.20871215252207892,16.524101186092025,0.0,15.787930072922427,7.3120312590144465,16.52410118609203,32.312031259014454,39.6240625180289,0.26877022883854806,0.0
source1,260,50,260,55,gpid_tilde,0.2087121525220785,16.524101186092025,0.0,15.787930072922425,7.312028904616469,16.52410118609202,32.31203125901445,39.624060163630915,42.90992853511125,2.3543979850160213e-06
source1,260,50,260,55,thin_pid,0.2087121525220785,16.524101186092025,0.0,15.787930072922425,7.312028904616469,16.52410118609202,32.31203125901445,39.624060163630915,36.76638814504258,2.3543979850160213e-06
source1,260,50,260,55,eigen_pid,0.2087121525220785,16.524101186092025,0.0,15.787930072922427,7.3120312590144465,16.52410118609203,32.312031259014454,39.6240625180289,0.185859503922984,0.0
source1,270,50,270,55,gpid_tilde,0.20871215252207803,16.524101186092025,0.0,15.787930072922425,7.312028904616469,16.52410118609202,32.31203125901445,39.624060163630915,45.54259297507815,2.3543979850160213e-06
source1,270,50,270,55,thin_pid,0.20871215252207803,16.524101186092025,0.0,15.787930072922425,7.312028904616469,16.52410118609202,32.31203125901445,39.624060163630915,38.630583103047684,2.3543979850160213e-06
source1,270,50,270,55,eigen_pid,0.20871215252207803,16.524101186092025,0.0,15.787930072922427,7.3120312590144465,16.52410118609203,32.312031259014454,39.6240625180289,0.3006847659125924,0.0
source1,280,50,280,55,gpid_tilde,0.2087121525220783,16.524101186092025,0.0,15.787930072922425,7.312028904616469,16.52410118609202,32.31203125901445,39.624060163630915,48.49953293497674,2.3543979850160213e-06
source1,280,50,280,55,thin_pid,0.2087121525220783,16.524101186092025,0.0,15.787930072922425,7.312028904616469,16.52410118609202,32.31203125901445,39.624060163630915,46.044942401815206,2.3543979850160213e-06
source1,280,50,280,55,eigen_pid,0.2087121525220783,16.524101186092025,0.0,15.787930072922427,7.3120312590144465,16.52410118609203,32.312031259014454,39.6240625180289,0.27252339315600693,0.0
source1,290,50,290,55,gpid_tilde,0.20871215252207662,16.524101186092025,0.0,15.787930072922425,7.312028904616469,16.52410118609202,32.31203125901445,39.624060163630915,52.99068364803679,2.3543979850160213e-06
source1,290,50,290,55,thin_pid,0.20871215252207662,16.524101186092025,0.0,15.787930072922425,7.312028904616469,16.52410118609202,32.31203125901445,39.624060163630915,48.96538839605637,2.3543979850160213e-06
source1,290,50,290,55,eigen_pid,0.20871215252207662,16.524101186092025,0.0,15.787930072922427,7.3120312590144465,16.52410118609203,32.312031259014454,39.6240625180289,0.3006320788990706,0.0
source1,300,50,300,55,gpid_tilde,0.2087121525220785,16.524101186092025,0.0,15.787930072922425,7.312028904616469,16.52410118609202,32.31203125901445,39.624060163630915,53.646736439084634,2.3543979850160213e-06
source1,300,50,300,55,thin_pid,0.2087121525220785,16.524101186092025,0.0,15.787930072922425,7.312028904616469,16.52410118609202,32.31203125901445,39.624060163630915,55.87884151306935,2.3543979850160213e-06
source1,300,50,300,55,eigen_pid,0.2087121525220785,16.524101186092025,0.0,15.787930072922427,7.3120312590144465,16.52410118609203,32.312031259014454,39.6240625180289,0.37230482907034457,0.0
source1,310,50,310,55,gpid_tilde,0.2087121525220758,16.524101186092025,0.0,15.787930072922425,7.312028904616469,16.52410118609202,32.31203125901445,39.624060163630915,56.71920598996803,2.3543979850160213e-06
source1,310,50,310,55,thin_pid,0.2087121525220758,16.524101186092025,0.0,15.787930072922425,7.312028904616469,16.52410118609202,32.31203125901445,39.624060163630915,87.02691778889857,2.3543979850160213e-06
source1,310,50,310,55,eigen_pid,0.2087121525220758,16.524101186092025,0.0,15.787930072922427,7.3120312590144465,16.52410118609203,32.312031259014454,39.6240625180289,0.39675309089943767,0.0
source1,320,50,320,55,gpid_tilde,0.20871215252207712,16.524101186092025,0.0,15.787930072922425,7.312028904616469,16.52410118609202,32.31203125901445,39.624060163630915,59.410754430806264,2.3543979850160213e-06
source1,320,50,320,55,thin_pid,0.20871215252207712,16.524101186092025,0.0,15.787930072922425,7.312028904616469,16.52410118609202,32.31203125901445,39.624060163630915,109.16698887804523,2.3543979850160213e-06
source1,320,50,320,55,eigen_pid,0.20871215252207712,16.524101186092025,0.0,15.787930072922427,7.3120312590144465,16.52410118609203,32.312031259014454,39.6240625180289,0.43135347310453653,0.0
source1,330,50,330,55,gpid_tilde,0.20871215252207706,16.524101186092025,0.0,15.787930072922425,7.312028904616469,16.52410118609202,32.31203125901445,39.624060163630915,61.215987655799836,2.3543979850160213e-06
source1,330,50,330,55,thin_pid,0.20871215252207706,16.524101186092025,0.0,15.787930072922425,7.312028904616469,16.52410118609202,32.31203125901445,39.624060163630915,104.5586894529406,2.3543979850160213e-06
source1,330,50,330,55,eigen_pid,0.20871215252207706,16.524101186092025,0.0,15.787930072922427,7.3120312590144465,16.52410118609203,32.312031259014454,39.6240625180289,0.5384044330567122,0.0
source1,340,50,340,55,gpid_tilde,0.20871215252207895,16.524101186092025,0.0,15.787930072922425,7.312028904616469,16.52410118609202,32.31203125901445,39.624060163630915,63.215856754919514,2.3543979850160213e-06
source1,340,50,340,55,thin_pid,0.20871215252207895,16.524101186092025,0.0,15.787930072922425,7.312028904616469,16.52410118609202,32.31203125901445,39.624060163630915,118.09465800411999,2.3543979850160213e-06
source1,340,50,340,55,eigen_pid,0.20871215252207895,16.524101186092025,0.0,15.787930072922427,7.3120312590144465,16.52410118609203,32.312031259014454,39.6240625180289,0.35450782906264067,0.0
source1,350,50,350,55,gpid_tilde,0.20871215252207848,16.524101186092025,0.0,15.787930072922425,7.312028904616469,16.52410118609202,32.31203125901445,39.624060163630915,68.4163636660669,2.3543979850160213e-06
source1,350,50,350,55,thin_pid,0.20871215252207848,16.524101186092025,0.0,15.787930072922425,7.312028904616469,16.52410118609202,32.31203125901445,39.624060163630915,130.66291440278292,2.3543979850160213e-06
source1,350,50,350,55,eigen_pid,0.20871215252207848,16.524101186092025,0.0,15.787930072922427,7.3120312590144465,16.52410118609203,32.312031259014454,39.6240625180289,0.4335059141740203,0.0
source1,360,50,360,55,gpid_tilde,0.2087121525220789,16.524101186092025,0.0,15.787930072922425,7.312028904616469,16.52410118609202,32.31203125901445,39.624060163630915,68.02349087106995,2.3543979850160213e-06
source1,360,50,360,55,thin_pid,0.2087121525220789,16.524101186092025,0.0,15.787930072922425,7.312028904616469,16.52410118609202,32.31203125901445,39.624060163630915,137.8986860930454,2.3543979850160213e-06
source1,360,50,360,55,eigen_pid,0.2087121525220789,16.524101186092025,0.0,15.787930072922427,7.3120312590144465,16.52410118609203,32.312031259014454,39.6240625180289,0.35432475595735013,0.0
source1,370,50,370,55,gpid_tilde,0.20871215252207845,16.524101186092025,0.0,15.787930072922425,7.312028904616469,16.52410118609202,32.31203125901445,39.624060163630915,70.84049591608346,2.3543979850160213e-06
source1,370,50,370,55,thin_pid,0.20871215252207845,16.524101186092025,0.0,15.787930072922425,7.312028904616469,16.52410118609202,32.31203125901445,39.624060163630915,149.76997565710917,2.3543979850160213e-06
source1,370,50,370,55,eigen_pid,0.20871215252207845,16.524101186092025,0.0,15.787930072922427,7.3120312590144465,16.52410118609203,32.312031259014454,39.6240625180289,0.33135266811586916,0.0
source1,380,50,380,55,gpid_tilde,0.20871215252207873,16.524101186092025,0.0,15.787930072922425,7.312028904616469,16.52410118609202,32.31203125901445,39.624060163630915,73.09141885419376,2.3543979850160213e-06
source1,380,50,380,55,thin_pid,0.20871215252207873,16.524101186092025,0.0,15.787930072922425,7.312028904616469,16.52410118609202,32.31203125901445,39.624060163630915,188.0439836550504,2.3543979850160213e-06
source1,380,50,380,55,eigen_pid,0.20871215252207873,16.524101186092025,0.0,15.787930072922427,7.3120312590144465,16.52410118609203,32.312031259014454,39.6240625180289,0.46636205399408937,0.0
source1,390,50,390,55,gpid_tilde,0.2087121525220784,16.524101186092025,0.0,15.787930072922425,7.312028904616469,16.52410118609202,32.31203125901445,39.624060163630915,108.49400247610174,2.3543979850160213e-06
source1,390,50,390,55,thin_pid,0.2087121525220784,16.524101186092025,0.0,15.787930072922425,7.312028904616469,16.52410118609202,32.31203125901445,39.624060163630915,234.89497634395957,2.3543979850160213e-06
source1,390,50,390,55,eigen_pid,0.2087121525220784,16.524101186092025,0.0,15.787930072922427,7.3120312590144465,16.52410118609203,32.312031259014454,39.6240625180289,0.6763097720686346,0.0
source1,400,50,400,55,gpid_tilde,0.20871215252207848,16.524101186092025,0.0,15.787930072922425,7.312028904616469,16.52410118609202,32.31203125901445,39.624060163630915,115.95205095014535,2.3543979850160213e-06
source1,400,50,400,55,thin_pid,0.20871215252207848,16.524101186092025,0.0,15.787930072922425,7.312028904616469,16.52410118609202,32.31203125901445,39.624060163630915,251.28132851887494,2.3543979850160213e-06
source1,400,50,400,55,eigen_pid,0.20871215252207848,16.524101186092025,0.0,15.787930072922427,7.3120312590144465,16.52410118609203,32.312031259014454,39.6240625180289,0.4723098799586296,0.0
source1,410,50,410,55,gpid_tilde,0.20871215252207842,16.524101186092025,0.0,15.787930072922425,7.312028904616469,16.52410118609202,32.31203125901445,39.624060163630915,118.66577621898614,2.3543979850160213e-06
source1,410,50,410,55,thin_pid,0.20871215252207842,16.524101186092025,0.0,15.787930072922425,7.312028904616469,16.52410118609202,32.31203125901445,39.624060163630915,271.138963958947,2.3543979850160213e-06
source1,410,50,410,55,eigen_pid,0.20871215252207842,16.524101186092025,0.0,15.787930072922427,7.3120312590144465,16.52410118609203,32.312031259014454,39.6240625180289,0.5003559989854693,0.0
source1,420,50,420,55,gpid_tilde,0.20871215252207603,16.524101186092025,0.0,15.787930072922425,7.312028904616469,16.52410118609202,32.31203125901445,39.624060163630915,121.10730923712254,2.3543979850160213e-06
source1,420,50,420,55,thin_pid,0.20871215252207603,16.524101186092025,0.0,15.787930072922425,7.312028904616469,16.52410118609202,32.31203125901445,39.624060163630915,285.2370205631014,2.3543979850160213e-06
source1,420,50,420,55,eigen_pid,0.20871215252207603,16.524101186092025,0.0,15.787930072922427,7.3120312590144465,16.52410118609203,32.312031259014454,39.6240625180289,0.5644662429112941,0.0
source1,430,50,430,55,gpid_tilde,0.2087121525220767,16.524101186092025,0.0,15.787930072922425,7.312028904616469,16.52410118609202,32.31203125901445,39.624060163630915,122.63233752502128,2.3543979850160213e-06
source1,430,50,430,55,thin_pid,0.2087121525220767,16.524101186092025,0.0,15.787930072922425,7.312028904616469,16.52410118609202,32.31203125901445,39.624060163630915,304.7209979610052,2.3543979850160213e-06
source1,430,50,430,55,eigen_pid,0.2087121525220767,16.524101186092025,0.0,15.787930072922427,7.3120312590144465,16.52410118609203,32.312031259014454,39.6240625180289,0.5845801718533039,0.0
source1,440,50,440,55,gpid_tilde,0.20871215252207417,16.524101186092025,0.0,15.787930072922425,7.312028904616469,16.52410118609202,32.31203125901445,39.624060163630915,128.99513598205522,2.3543979850160213e-06
source1,440,50,440,55,thin_pid,0.20871215252207417,16.524101186092025,0.0,15.787930072922425,7.312028904616469,16.52410118609202,32.31203125901445,39.624060163630915,332.56694877287373,2.3543979850160213e-06
source1,440,50,440,55,eigen_pid,0.20871215252207417,16.524101186092025,0.0,15.787930072922427,7.3120312590144465,16.52410118609203,32.312031259014454,39.6240625180289,0.3613539361394942,0.0
source1,450,50,450,55,gpid_tilde,0.20871215252207848,16.524101186092025,0.0,15.787930072922425,7.312028904616469,16.52410118609202,32.31203125901445,39.624060163630915,134.10650191106834,2.3543979850160213e-06
source1,450,50,450,55,thin_pid,0.20871215252207848,16.524101186092025,0.0,15.787930072922425,7.312028904616469,16.52410118609202,32.31203125901445,39.624060163630915,325.53594956710003,2.3543979850160213e-06
source1,450,50,450,55,eigen_pid,0.20871215252207848,16.524101186092025,0.0,15.787930072922427,7.3120312590144465,16.52410118609203,32.312031259014454,39.6240625180289,0.6734594299923629,0.0
source1,460,50,460,55,gpid_tilde,0.20871215252207886,16.524101186092025,0.0,15.787930072922425,7.312028904616469,16.52410118609202,32.31203125901445,39.624060163630915,135.9133935191203,2.3543979850160213e-06
source1,460,50,460,55,thin_pid,0.20871215252207886,16.524101186092025,0.0,15.787930072922425,7.312028904616469,16.52410118609202,32.31203125901445,39.624060163630915,337.7810059969779,2.3543979850160213e-06
source1,460,50,460,55,eigen_pid,0.20871215252207886,16.524101186092025,0.0,15.787930072922427,7.3120312590144465,16.52410118609203,32.312031259014454,39.6240625180289,0.6435851689893752,0.0
source1,470,50,470,55,gpid_tilde,0.20871215252207534,16.524101186092025,0.0,15.787930072922425,7.312028904616469,16.52410118609202,32.31203125901445,39.624060163630915,139.0835875060875,2.3543979850160213e-06
source1,470,50,470,55,thin_pid,0.20871215252207534,16.524101186092025,0.0,15.787930072922425,7.312028904616469,16.52410118609202,32.31203125901445,39.624060163630915,340.6779962729197,2.3543979850160213e-06
source1,470,50,470,55,eigen_pid,0.20871215252207534,16.524101186092025,0.0,15.787930072922427,7.3120312590144465,16.52410118609203,32.312031259014454,39.6240625180289,0.6705093041528016,0.0
source1,480,50,480,55,gpid_tilde,0.20871215252207867,16.524101186092025,0.0,15.787930072922425,7.312028904616469,16.52410118609202,32.31203125901445,39.624060163630915,143.01911402889527,2.3543979850160213e-06
source1,480,50,480,55,thin_pid,0.20871215252207867,16.524101186092025,0.0,15.787930072922425,7.312028904616469,16.52410118609202,32.31203125901445,39.624060163630915,343.32297919201665,2.3543979850160213e-06
source1,480,50,480,55,eigen_pid,0.20871215252207867,16.524101186092025,0.0,15.787930072922427,7.3120312590144465,16.52410118609203,32.312031259014454,39.6240625180289,0.6998161189258099,0.0
source1,490,50,490,55,gpid_tilde,0.20871215252207923,16.524101186092025,0.0,15.787930072922425,7.312028904616469,16.52410118609202,32.31203125901445,39.624060163630915,141.99481622013263,2.3543979850160213e-06
source1,490,50,490,55,thin_pid,0.20871215252207923,16.524101186092025,0.0,15.787930072922425,7.312028904616469,16.52410118609202,32.31203125901445,39.624060163630915,345.8783817028161,2.3543979850160213e-06
source1,490,50,490,55,eigen_pid,0.20871215252207923,16.524101186092025,0.0,15.787930072922427,7.3120312590144465,16.52410118609203,32.312031259014454,39.6240625180289,0.5746157618705183,0.0
source1,500,50,500,55,gpid_tilde,0.20871215252207853,16.524101186092025,0.0,15.787930072922425,7.312028904616469,16.52410118609202,32.31203125901445,39.624060163630915,147.72242927202024,2.3543979850160213e-06
source1,500,50,500,55,thin_pid,0.20871215252207853,16.524101186092025,0.0,15.787930072922425,7.312028904616469,16.52410118609202,32.31203125901445,39.624060163630915,349.0559634491801,2.3543979850160213e-06
source1,500,50,500,55,eigen_pid,0.20871215252207853,16.524101186092025,0.0,15.787930072922427,7.3120312590144465,16.52410118609203,32.312031259014454,39.6240625180289,0.7193414620123804,0.0
source1,510,50,510,55,gpid_tilde,0.20871215252207662,16.524101186092025,0.0,15.787930072922425,7.312028904616469,16.52410118609202,32.31203125901445,39.624060163630915,152.67338520218618,2.3543979850160213e-06
source1,510,50,510,55,thin_pid,0.20871215252207662,16.524101186092025,0.0,15.787930072922425,7.312028904616469,16.52410118609202,32.31203125901445,39.624060163630915,358.9579666778445,2.3543979850160213e-06
source1,510,50,510,55,eigen_pid,0.20871215252207662,16.524101186092025,0.0,15.787930072922427,7.3120312590144465,16.52410118609203,32.312031259014454,39.6240625180289,0.5675228470936418,0.0
source1,520,50,520,55,gpid_tilde,0.2087121525220784,16.524101186092025,0.0,15.787930072922425,7.312028904616469,16.52410118609202,32.31203125901445,39.624060163630915,156.32041023718193,2.3543979850160213e-06
source1,520,50,520,55,thin_pid,0.2087121525220784,16.524101186092025,0.0,15.787930072922425,7.312028904616469,16.52410118609202,32.31203125901445,39.624060163630915,360.50098495185375,2.3543979850160213e-06
source1,520,50,520,55,eigen_pid,0.2087121525220784,16.524101186092025,0.0,15.787930072922427,7.3120312590144465,16.52410118609203,32.312031259014454,39.6240625180289,0.8063394068740308,0.0
source1,530,50,530,55,gpid_tilde,0.2087121525220756,16.524101186092025,0.0,15.787930072922425,7.312028904616469,16.52410118609202,32.31203125901445,39.624060163630915,157.1760374729056,2.3543979850160213e-06
source1,530,50,530,55,thin_pid,0.2087121525220756,16.524101186092025,0.0,15.787930072922425,7.312028904616469,16.52410118609202,32.31203125901445,39.624060163630915,372.14744496298954,2.3543979850160213e-06
source1,530,50,530,55,eigen_pid,0.2087121525220756,16.524101186092025,0.0,15.787930072922427,7.3120312590144465,16.52410118609203,32.312031259014454,39.6240625180289,0.7833343970123678,0.0
source1,540,50,540,55,gpid_tilde,0.2087121525220783,16.524101186092025,0.0,15.787930072922425,7.312028904616469,16.52410118609202,32.31203125901445,39.624060163630915,162.19042202085257,2.3543979850160213e-06
source1,540,50,540,55,thin_pid,0.2087121525220783,16.524101186092025,0.0,15.787930072922425,7.312028904616469,16.52410118609202,32.31203125901445,39.624060163630915,379.0786281351466,2.3543979850160213e-06
source1,540,50,540,55,eigen_pid,0.2087121525220783,16.524101186092025,0.0,15.787930072922427,7.3120312590144465,16.52410118609203,32.312031259014454,39.6240625180289,0.8382297828793526,0.0
source1,550,50,550,55,gpid_tilde,0.20871215252207936,16.524101186092025,0.0,15.787930072922425,7.312028904616469,16.52410118609202,32.31203125901445,39.624060163630915,165.56444118893705,2.3543979850160213e-06
source1,550,50,550,55,thin_pid,0.20871215252207936,16.524101186092025,0.0,15.787930072922425,7.312028904616469,16.52410118609202,32.31203125901445,39.624060163630915,380.1119941219222,2.3543979850160213e-06
source1,550,50,550,55,eigen_pid,0.20871215252207936,16.524101186092025,0.0,15.787930072922427,7.3120312590144465,16.52410118609203,32.312031259014454,39.6240625180289,0.8933617661241442,0.0
source1,560,50,560,55,gpid_tilde,0.20871215252207842,16.524101186092025,0.0,15.787930072922425,7.312028904616469,16.52410118609202,32.31203125901445,39.624060163630915,167.58578286413103,2.3543979850160213e-06
source1,560,50,560,55,thin_pid,0.20871215252207842,16.524101186092025,0.0,15.787930072922425,7.312028904616469,16.52410118609202,32.31203125901445,39.624060163630915,383.98372208699584,2.3543979850160213e-06
source1,560,50,560,55,eigen_pid,0.20871215252207842,16.524101186092025,0.0,15.787930072922427,7.3120312590144465,16.52410118609203,32.312031259014454,39.6240625180289,0.9632482428569347,0.0
source1,570,50,570,55,gpid_tilde,0.2087121525220766,16.524101186092025,0.0,15.787930072922425,7.312028904616469,16.52410118609202,32.31203125901445,39.624060163630915,172.66555417794734,2.3543979850160213e-06
source1,570,50,570,55,thin_pid,0.2087121525220766,16.524101186092025,0.0,15.787930072922425,7.312028904616469,16.52410118609202,32.31203125901445,39.624060163630915,391.9900058901403,2.3543979850160213e-06
source1,570,50,570,55,eigen_pid,0.2087121525220766,16.524101186092025,0.0,15.787930072922427,7.3120312590144465,16.52410118609203,32.312031259014454,39.6240625180289,0.813381516141817,0.0
source1,580,50,580,55,gpid_tilde,0.20871215252207762,16.524101186092025,0.0,15.787930072922425,7.312028904616469,16.52410118609202,32.31203125901445,39.624060163630915,173.1676659649238,2.3543979850160213e-06
source1,580,50,580,55,thin_pid,0.20871215252207762,16.524101186092025,0.0,15.787930072922425,7.312028904616469,16.52410118609202,32.31203125901445,39.624060163630915,396.8657000269741,2.3543979850160213e-06
source1,580,50,580,55,eigen_pid,0.20871215252207762,16.524101186092025,0.0,15.787930072922427,7.3120312590144465,16.52410118609203,32.312031259014454,39.6240625180289,0.6933539428282529,0.0
source1,590,50,590,55,gpid_tilde,0.20871215252207542,16.524101186092025,0.0,15.787930072922425,7.312028904616469,16.52410118609202,32.31203125901445,39.624060163630915,177.95427994499914,2.3543979850160213e-06
source1,590,50,590,55,thin_pid,0.20871215252207542,16.524101186092025,0.0,15.787930072922425,7.312028904616469,16.52410118609202,32.31203125901445,39.624060163630915,397.6819864939898,2.3543979850160213e-06
source1,590,50,590,55,eigen_pid,0.20871215252207542,16.524101186092025,0.0,15.787930072922427,7.3120312590144465,16.52410118609203,32.312031259014454,39.6240625180289,0.8024299719836563,0.0
source1,600,50,600,55,gpid_tilde,0.20871215252207861,16.524101186092025,0.0,15.787930072922425,7.312028904616469,16.52410118609202,32.31203125901445,39.624060163630915,184.3947654950898,2.3543979850160213e-06
source1,600,50,600,55,thin_pid,0.20871215252207861,16.524101186092025,0.0,15.787930072922425,7.312028904616469,16.52410118609202,32.31203125901445,39.624060163630915,406.6203512640204,2.3543979850160213e-06
source1,600,50,600,55,eigen_pid,0.20871215252207861,16.524101186092025,0.0,15.787930072922427,7.3120312590144465,16.52410118609203,32.312031259014454,39.6240625180289,0.8430173869710416,0.0
source1,610,50,610,55,gpid_tilde,0.20871215252207667,16.524101186092025,0.0,15.787930072922425,7.312028904616469,16.52410118609202,32.31203125901445,39.624060163630915,186.19964301306754,2.3543979850160213e-06
source1,610,50,610,55,thin_pid,0.20871215252207667,16.524101186092025,0.0,15.787930072922425,7.312028904616469,16.52410118609202,32.31203125901445,39.624060163630915,400.8130033239722,2.3543979850160213e-06
source1,610,50,610,55,eigen_pid,0.20871215252207667,16.524101186092025,0.0,15.787930072922427,7.3120312590144465,16.52410118609203,32.312031259014454,39.6240625180289,0.8463452900759876,0.0
source1,620,50,620,55,gpid_tilde,0.20871215252207456,16.524101186092025,0.0,15.787930072922425,7.312028904616469,16.52410118609202,32.31203125901445,39.624060163630915,194.18468742002733,2.3543979850160213e-06
source1,620,50,620,55,thin_pid,0.20871215252207456,16.524101186092025,0.0,15.787930072922425,7.312028904616469,16.52410118609202,32.31203125901445,39.624060163630915,411.369429188082,2.3543979850160213e-06
source1,620,50,620,55,eigen_pid,0.20871215252207456,16.524101186092025,0.0,15.787930072922427,7.3120312590144465,16.52410118609203,32.312031259014454,39.6240625180289,0.8560138628818095,0.0
source1,630,50,630,55,gpid_tilde,0.20871215252207873,16.524101186092025,0.0,15.787930072922425,7.312028904616469,16.52410118609202,32.31203125901445,39.624060163630915,194.22431599791162,2.3543979850160213e-06
source1,630,50,630,55,thin_pid,0.20871215252207873,16.524101186092025,0.0,15.787930072922425,7.312028904616469,16.52410118609202,32.31203125901445,39.624060163630915,409.0329885832034,2.3543979850160213e-06
source1,630,50,630,55,eigen_pid,0.20871215252207873,16.524101186092025,0.0,15.787930072922427,7.3120312590144465,16.52410118609203,32.312031259014454,39.6240625180289,0.7815365369897336,0.0
source1,640,50,640,55,gpid_tilde,0.20871215252207836,16.524101186092025,0.0,15.787930072922425,7.312028904616469,16.52410118609202,32.31203125901445,39.624060163630915,197.66947370301932,2.3543979850160213e-06
source1,640,50,640,55,thin_pid,0.20871215252207836,16.524101186092025,0.0,15.787930072922425,7.312028904616469,16.52410118609202,32.31203125901445,39.624060163630915,413.16697631706484,2.3543979850160213e-06
source1,640,50,640,55,eigen_pid,0.20871215252207836,16.524101186092025,0.0,15.787930072922427,7.3120312590144465,16.52410118609203,32.312031259014454,39.6240625180289,0.8844189050141722,0.0
source1,650,50,650,55,gpid_tilde,0.20871215252207825,16.524101186092025,0.0,15.787930072922425,7.312028904616469,16.52410118609202,32.31203125901445,39.624060163630915,201.7491656790953,2.3543979850160213e-06
source1,650,50,650,55,thin_pid,0.20871215252207825,16.524101186092025,0.0,15.787930072922425,7.312028904616469,16.52410118609202,32.31203125901445,39.624060163630915,420.7170398829039,2.3543979850160213e-06
source1,650,50,650,55,eigen_pid,0.20871215252207825,16.524101186092025,0.0,15.787930072922427,7.3120312590144465,16.52410118609203,32.312031259014454,39.6240625180289,1.0085211971309036,0.0
source1,660,50,660,55,gpid_tilde,0.20871215252207906,16.524101186092025,0.0,15.787930072922425,7.312028904616469,16.52410118609202,32.31203125901445,39.624060163630915,203.86563723394647,2.3543979850160213e-06
source1,660,50,660,55,thin_pid,0.20871215252207906,16.524101186092025,0.0,15.787930072922425,7.312028904616469,16.52410118609202,32.31203125901445,39.624060163630915,424.5621719539631,2.3543979850160213e-06
source1,660,50,660,55,eigen_pid,0.20871215252207906,16.524101186092025,0.0,15.787930072922427,7.3120312590144465,16.52410118609203,32.312031259014454,39.6240625180289,0.9322420798707753,0.0
source1,670,50,670,55,gpid_tilde,0.20871215252207823,16.524101186092025,0.0,15.787930072922425,7.312028904616469,16.52410118609202,32.31203125901445,39.624060163630915,210.68152923509479,2.3543979850160213e-06
source1,670,50,670,55,thin_pid,0.20871215252207823,16.524101186092025,0.0,15.787930072922425,7.312028904616469,16.52410118609202,32.31203125901445,39.624060163630915,416.31000499613583,2.3543979850160213e-06
source1,670,50,670,55,eigen_pid,0.20871215252207823,16.524101186092025,0.0,15.787930072922427,7.3120312590144465,16.52410118609203,32.312031259014454,39.6240625180289,0.8445173031650484,0.0
source1,680,50,680,55,gpid_tilde,0.2087121525220756,16.524101186092025,0.0,15.787930072922425,7.312028904616469,16.52410118609202,32.31203125901445,39.624060163630915,212.59701242111623,2.3543979850160213e-06
source1,680,50,680,55,thin_pid,0.2087121525220756,16.524101186092025,0.0,15.787930072922425,7.312028904616469,16.52410118609202,32.31203125901445,39.624060163630915,425.84872924908996,2.3543979850160213e-06
source1,680,50,680,55,eigen_pid,0.2087121525220756,16.524101186092025,0.0,15.787930072922427,7.3120312590144465,16.52410118609203,32.312031259014454,39.6240625180289,0.872794286115095,0.0
source1,690,50,690,55,gpid_tilde,0.20871215252207762,16.524101186092025,0.0,15.787930072922425,7.312028904616469,16.52410118609202,32.31203125901445,39.624060163630915,214.62474587908946,2.3543979850160213e-06
source1,690,50,690,55,thin_pid,0.20871215252207762,16.524101186092025,0.0,15.787930072922425,7.312028904616469,16.52410118609202,32.31203125901445,39.624060163630915,426.1869687268045,2.3543979850160213e-06
source1,690,50,690,55,eigen_pid,0.20871215252207762,16.524101186092025,0.0,15.787930072922427,7.3120312590144465,16.52410118609203,32.312031259014454,39.6240625180289,0.9485335778445005,0.0
source1,700,50,700,55,gpid_tilde,0.20871215252207767,16.524101186092025,0.0,15.787930072922425,7.312028904616469,16.52410118609202,32.31203125901445,39.624060163630915,220.45928976219147,2.3543979850160213e-06
source1,700,50,700,55,thin_pid,0.20871215252207767,16.524101186092025,0.0,15.787930072922425,7.312028904616469,16.52410118609202,32.31203125901445,39.624060163630915,433.45199220697396,2.3543979850160213e-06
source1,700,50,700,55,eigen_pid,0.20871215252207767,16.524101186092025,0.0,15.787930072922427,7.3120312590144465,16.52410118609203,32.312031259014454,39.6240625180289,1.0753444919828326,0.0
source1,710,50,710,55,gpid_tilde,0.20871215252207795,16.524101186092025,0.0,15.787930072922425,7.312028904616469,16.52410118609202,32.31203125901445,39.624060163630915,225.75151474401355,2.3543979850160213e-06
source1,710,50,710,55,thin_pid,0.20871215252207795,16.524101186092025,0.0,15.787930072922425,7.312028904616469,16.52410118609202,32.31203125901445,39.624060163630915,439.53501450107433,2.3543979850160213e-06
source1,710,50,710,55,eigen_pid,0.20871215252207795,16.524101186092025,0.0,15.787930072922427,7.3120312590144465,16.52410118609203,32.312031259014454,39.6240625180289,1.003818143857643,0.0
source1,720,50,720,55,gpid_tilde,0.20871215252207612,16.524101186092025,0.0,15.787930072922425,7.312028904616469,16.52410118609202,32.31203125901445,39.624060163630915,232.83636597101577,2.3543979850160213e-06
source1,720,50,720,55,thin_pid,0.20871215252207612,16.524101186092025,0.0,15.787930072922425,7.312028904616469,16.52410118609202,32.31203125901445,39.624060163630915,441.447025566129,2.3543979850160213e-06
source1,720,50,720,55,eigen_pid,0.20871215252207612,16.524101186092025,0.0,15.787930072922427,7.3120312590144465,16.52410118609203,32.312031259014454,39.6240625180289,0.9213006228674203,0.0
source1,730,50,730,55,gpid_tilde,0.20871215252207795,16.524101186092025,0.0,15.787930072922425,7.312028904616469,16.52410118609202,32.31203125901445,39.624060163630915,228.2430783729069,2.3543979850160213e-06
source1,730,50,730,55,thin_pid,0.20871215252207795,16.524101186092025,0.0,15.787930072922425,7.312028904616469,16.52410118609202,32.31203125901445,39.624060163630915,451.11376152094454,2.3543979850160213e-06
source1,730,50,730,55,eigen_pid,0.20871215252207795,16.524101186092025,0.0,15.787930072922427,7.3120312590144465,16.52410118609203,32.312031259014454,39.6240625180289,1.0457988590933383,0.0
source1,740,50,740,55,gpid_tilde,0.20871215252207898,16.524101186092025,0.0,15.787930072922425,7.312028904616469,16.52410118609202,32.31203125901445,39.624060163630915,233.89793817396276,2.3543979850160213e-06
source1,740,50,740,55,thin_pid,0.20871215252207898,16.524101186092025,0.0,15.787930072922425,7.312028904616469,16.52410118609202,32.31203125901445,39.624060163630915,450.95875947596505,2.3543979850160213e-06
source1,740,50,740,55,eigen_pid,0.20871215252207898,16.524101186092025,0.0,15.787930072922427,7.3120312590144465,16.52410118609203,32.312031259014454,39.6240625180289,1.036063781939447,0.0
source1,750,50,750,55,gpid_tilde,0.2087121525220787,16.524101186092025,0.0,15.787930072922425,7.312028904616469,16.52410118609202,32.31203125901445,39.624060163630915,238.699749880936,2.3543979850160213e-06
source1,750,50,750,55,thin_pid,0.2087121525220787,16.524101186092025,0.0,15.787930072922425,7.312028904616469,16.52410118609202,32.31203125901445,39.624060163630915,449.85871149087325,2.3543979850160213e-06
source1,750,50,750,55,eigen_pid,0.2087121525220787,16.524101186092025,0.0,15.787930072922427,7.3120312590144465,16.52410118609203,32.312031259014454,39.6240625180289,1.0072531569749117,0.0
source1,760,50,760,55,gpid_tilde,0.2087121525220791,16.524101186092025,0.0,15.787930072922425,7.312028904616469,16.52410118609202,32.31203125901445,39.624060163630915,242.44262832403183,2.3543979850160213e-06
source1,760,50,760,55,thin_pid,0.2087121525220791,16.524101186092025,0.0,15.787930072922425,7.312028904616469,16.52410118609202,32.31203125901445,39.624060163630915,456.6421808479354,2.3543979850160213e-06
source1,760,50,760,55,eigen_pid,0.2087121525220791,16.524101186092025,0.0,15.787930072922427,7.3120312590144465,16.52410118609203,32.312031259014454,39.6240625180289,0.9676091182045639,0.0
source1,770,50,770,55,gpid_tilde,0.20871215252207784,16.524101186092025,0.0,15.787930072922425,7.312028904616469,16.52410118609202,32.31203125901445,39.624060163630915,248.22149152494967,2.3543979850160213e-06
source1,770,50,770,55,thin_pid,0.20871215252207784,16.524101186092025,0.0,15.787930072922425,7.312028904616469,16.52410118609202,32.31203125901445,39.624060163630915,460.3242455490399,2.3543979850160213e-06
source1,770,50,770,55,eigen_pid,0.20871215252207784,16.524101186092025,0.0,15.787930072922427,7.3120312590144465,16.52410118609203,32.312031259014454,39.6240625180289,1.1413508630357683,0.0
source1,780,50,780,55,gpid_tilde,0.20871215252207684,16.524101186092025,0.0,15.787930072922425,7.312028904616469,16.52410118609202,32.31203125901445,39.624060163630915,250.863237910904,2.3543979850160213e-06
source1,780,50,780,55,thin_pid,0.20871215252207684,16.524101186092025,0.0,15.787930072922425,7.312028904616469,16.52410118609202,32.31203125901445,39.624060163630915,468.08137734699994,2.3543979850160213e-06
source1,780,50,780,55,eigen_pid,0.20871215252207684,16.524101186092025,0.0,15.787930072922427,7.3120312590144465,16.52410118609203,32.312031259014454,39.6240625180289,1.194337674183771,0.0
source1,790,50,790,55,gpid_tilde,0.208712152522079,16.524101186092025,0.0,15.787930072922425,7.312028904616469,16.52410118609202,32.31203125901445,39.624060163630915,254.57244416698813,2.3543979850160213e-06
source1,790,50,790,55,thin_pid,0.208712152522079,16.524101186092025,0.0,15.787930072922425,7.312028904616469,16.52410118609202,32.31203125901445,39.624060163630915,461.04288500291295,2.3543979850160213e-06
source1,790,50,790,55,eigen_pid,0.208712152522079,16.524101186092025,0.0,15.787930072922427,7.3120312590144465,16.52410118609203,32.312031259014454,39.6240625180289,1.0488390689715743,0.0
source1,800,50,800,55,gpid_tilde,0.20871215252207698,16.524101186092025,0.0,15.787930072922425,7.312028904616469,16.52410118609202,32.31203125901445,39.624060163630915,256.4565733780619,2.3543979850160213e-06
source1,800,50,800,55,thin_pid,0.20871215252207698,16.524101186092025,0.0,15.787930072922425,7.312028904616469,16.52410118609202,32.31203125901445,39.624060163630915,471.94045108905993,2.3543979850160213e-06
source1,800,50,800,55,eigen_pid,0.20871215252207698,16.524101186092025,0.0,15.787930072922427,7.3120312590144465,16.52410118609203,32.312031259014454,39.6240625180289,1.123273289995268,0.0
source1,810,50,810,55,gpid_tilde,0.20871215252207867,16.524101186092025,0.0,15.787930072922425,7.312028904616469,16.52410118609202,32.31203125901445,39.624060163630915,258.3853736859746,2.3543979850160213e-06
source1,810,50,810,55,thin_pid,0.20871215252207867,16.524101186092025,0.0,15.787930072922425,7.312028904616469,16.52410118609202,32.31203125901445,39.624060163630915,473.4501978070475,2.3543979850160213e-06
source1,810,50,810,55,eigen_pid,0.20871215252207867,16.524101186092025,0.0,15.787930072922427,7.3120312590144465,16.52410118609203,32.312031259014454,39.6240625180289,1.25970628997311,0.0
source1,820,50,820,55,gpid_tilde,0.2087121525220767,16.524101186092025,0.0,15.787930072922425,7.312028904616469,16.52410118609202,32.31203125901445,39.624060163630915,271.8442589920014,2.3543979850160213e-06
source1,820,50,820,55,thin_pid,0.2087121525220767,16.524101186092025,0.0,15.787930072922425,7.312028904616469,16.52410118609202,32.31203125901445,39.624060163630915,477.50333171896636,2.3543979850160213e-06
source1,820,50,820,55,eigen_pid,0.2087121525220767,16.524101186092025,0.0,15.787930072922427,7.3120312590144465,16.52410118609203,32.312031259014454,39.6240625180289,1.4485518508590758,0.0
source1,830,50,830,55,gpid_tilde,0.20871215252207626,16.524101186092025,0.0,15.787930072922425,7.312028904616469,16.52410118609202,32.31203125901445,39.624060163630915,263.8081179431174,2.3543979850160213e-06
source1,830,50,830,55,thin_pid,0.20871215252207626,16.524101186092025,0.0,15.787930072922425,7.312028904616469,16.52410118609202,32.31203125901445,39.624060163630915,473.59242018382065,2.3543979850160213e-06
source1,830,50,830,55,eigen_pid,0.20871215252207626,16.524101186092025,0.0,15.787930072922427,7.3120312590144465,16.52410118609203,32.312031259014454,39.6240625180289,1.3562704881187528,0.0
source1,840,50,840,55,gpid_tilde,0.20871215252207836,16.524101186092025,0.0,15.787930072922425,7.312028904616469,16.52410118609202,32.31203125901445,39.624060163630915,277.3365121388342,2.3543979850160213e-06
source1,840,50,840,55,thin_pid,0.20871215252207836,16.524101186092025,0.0,15.787930072922425,7.312028904616469,16.52410118609202,32.31203125901445,39.624060163630915,483.70537127298303,2.3543979850160213e-06
source1,840,50,840,55,eigen_pid,0.20871215252207836,16.524101186092025,0.0,15.787930072922427,7.3120312590144465,16.52410118609203,32.312031259014454,39.6240625180289,1.3753734179772437,0.0
source1,850,50,850,55,gpid_tilde,0.20871215252207923,16.524101186092025,0.0,15.787930072922425,7.312028904616469,16.52410118609202,32.31203125901445,39.624060163630915,275.72818103805184,2.3543979850160213e-06
source1,850,50,850,55,thin_pid,0.20871215252207923,16.524101186092025,0.0,15.787930072922425,7.312028904616469,16.52410118609202,32.31203125901445,39.624060163630915,406.4404220217839,2.3543979850160213e-06
source1,850,50,850,55,eigen_pid,0.20871215252207923,16.524101186092025,0.0,15.787930072922427,7.3120312590144465,16.52410118609203,32.312031259014454,39.6240625180289,0.9213937241584063,0.0
source1,860,50,860,55,gpid_tilde,0.20871215252207898,16.524101186092025,0.0,15.787930072922425,7.312028904616469,16.52410118609202,32.31203125901445,39.624060163630915,195.6982843610458,2.3543979850160213e-06
source1,860,50,860,55,thin_pid,0.20871215252207898,16.524101186092025,0.0,15.787930072922425,7.312028904616469,16.52410118609202,32.31203125901445,39.624060163630915,295.92341674189083,2.3543979850160213e-06
source1,860,50,860,55,eigen_pid,0.20871215252207898,16.524101186092025,0.0,15.787930072922427,7.3120312590144465,16.52410118609203,32.312031259014454,39.6240625180289,1.1886260800529271,0.0
source1,870,50,870,55,gpid_tilde,0.2087121525220783,16.524101186092025,0.0,15.787930072922425,7.312028904616469,16.52410118609202,32.31203125901445,39.624060163630915,202.5853332891129,2.3543979850160213e-06
source1,870,50,870,55,thin_pid,0.2087121525220783,16.524101186092025,0.0,15.787930072922425,7.312028904616469,16.52410118609202,32.31203125901445,39.624060163630915,306.00217743287794,2.3543979850160213e-06
source1,870,50,870,55,eigen_pid,0.2087121525220783,16.524101186092025,0.0,15.787930072922427,7.3120312590144465,16.52410118609203,32.312031259014454,39.6240625180289,1.0154324450995773,0.0
source1,880,50,880,55,gpid_tilde,0.20871215252207845,16.524101186092025,0.0,15.787930072922425,7.312028904616469,16.52410118609202,32.31203125901445,39.624060163630915,204.4400728540495,2.3543979850160213e-06
source1,880,50,880,55,thin_pid,0.20871215252207845,16.524101186092025,0.0,15.787930072922425,7.312028904616469,16.52410118609202,32.31203125901445,39.624060163630915,307.1952866970096,2.3543979850160213e-06
source1,880,50,880,55,eigen_pid,0.20871215252207845,16.524101186092025,0.0,15.787930072922427,7.3120312590144465,16.52410118609203,32.312031259014454,39.6240625180289,1.0096539959777147,0.0
source1,890,50,890,55,gpid_tilde,0.2087121525220787,16.524101186092025,0.0,15.787930072922425,7.312028904616469,16.52410118609202,32.31203125901445,39.624060163630915,207.52714704116806,2.3543979850160213e-06
source1,890,50,890,55,thin_pid,0.2087121525220787,16.524101186092025,0.0,15.787930072922425,7.312028904616469,16.52410118609202,32.31203125901445,39.624060163630915,306.1674284590408,2.3543979850160213e-06
source1,890,50,890,55,eigen_pid,0.2087121525220787,16.524101186092025,0.0,15.787930072922427,7.3120312590144465,16.52410118609203,32.312031259014454,39.6240625180289,1.1422907940577716,0.0
source1,900,50,900,55,gpid_tilde,0.20871215252207895,16.524101186092025,0.0,15.787930072922425,7.312028904616469,16.52410118609202,32.31203125901445,39.624060163630915,212.99725507409312,2.3543979850160213e-06
source1,900,50,900,55,thin_pid,0.20871215252207895,16.524101186092025,0.0,15.787930072922425,7.312028904616469,16.52410118609202,32.31203125901445,39.624060163630915,309.9152766310144,2.3543979850160213e-06
source1,900,50,900,55,eigen_pid,0.20871215252207895,16.524101186092025,0.0,15.787930072922427,7.3120312590144465,16.52410118609203,32.312031259014454,39.6240625180289,1.2032998378854245,0.0
source1,910,50,910,55,gpid_tilde,0.20871215252207906,16.524101186092025,0.0,15.787930072922425,7.312028904616469,16.52410118609202,32.31203125901445,39.624060163630915,214.21214642282575,2.3543979850160213e-06
source1,910,50,910,55,thin_pid,0.20871215252207906,16.524101186092025,0.0,15.787930072922425,7.312028904616469,16.52410118609202,32.31203125901445,39.624060163630915,320.1144162339624,2.3543979850160213e-06
source1,910,50,910,55,eigen_pid,0.20871215252207906,16.524101186092025,0.0,15.787930072922427,7.3120312590144465,16.52410118609203,32.312031259014454,39.6240625180289,1.1574165339116007,0.0
source1,920,50,920,55,gpid_tilde,0.20871215252207873,16.524101186092025,0.0,15.787930072922425,7.312028904616469,16.52410118609202,32.31203125901445,39.624060163630915,216.57513871998526,2.3543979850160213e-06
source1,920,50,920,55,thin_pid,0.20871215252207873,16.524101186092025,0.0,15.787930072922425,7.312028904616469,16.52410118609202,32.31203125901445,39.624060163630915,315.09842105791904,2.3543979850160213e-06
source1,920,50,920,55,eigen_pid,0.20871215252207873,16.524101186092025,0.0,15.787930072922427,7.3120312590144465,16.52410118609203,32.312031259014454,39.6240625180289,1.0942799809854478,0.0
source1,930,50,930,55,gpid_tilde,0.20871215252207875,16.524101186092025,0.0,15.787930072922425,7.312028904616469,16.52410118609202,32.31203125901445,39.624060163630915,220.09498074487783,2.3543979850160213e-06
source1,930,50,930,55,thin_pid,0.20871215252207875,16.524101186092025,0.0,15.787930072922425,7.312028904616469,16.52410118609202,32.31203125901445,39.624060163630915,310.32016106299125,2.3543979850160213e-06
source1,930,50,930,55,eigen_pid,0.20871215252207875,16.524101186092025,0.0,15.787930072922427,7.3120312590144465,16.52410118609203,32.312031259014454,39.6240625180289,1.1168491309508681,0.0
source1,940,50,940,55,gpid_tilde,0.2087121525220787,16.524101186092025,0.0,15.787930072922425,7.312028904616469,16.52410118609202,32.31203125901445,39.624060163630915,219.1288969339803,2.3543979850160213e-06
source1,940,50,940,55,thin_pid,0.2087121525220787,16.524101186092025,0.0,15.787930072922425,7.312028904616469,16.52410118609202,32.31203125901445,39.624060163630915,310.8573733330704,2.3543979850160213e-06
source1,940,50,940,55,eigen_pid,0.2087121525220787,16.524101186092025,0.0,15.787930072922427,7.3120312590144465,16.52410118609203,32.312031259014454,39.6240625180289,1.1886702058836818,0.0
source1,950,50,950,55,gpid_tilde,0.2087121525220786,16.524101186092025,0.0,15.787930072922425,7.312028904616469,16.52410118609202,32.31203125901445,39.624060163630915,220.55403072107583,2.3543979850160213e-06
source1,950,50,950,55,thin_pid,0.2087121525220786,16.524101186092025,0.0,15.787930072922425,7.312028904616469,16.52410118609202,32.31203125901445,39.624060163630915,314.44914153800346,2.3543979850160213e-06
source1,950,50,950,55,eigen_pid,0.2087121525220786,16.524101186092025,0.0,15.787930072922427,7.3120312590144465,16.52410118609203,32.312031259014454,39.6240625180289,1.2193438010290265,0.0
source1,960,50,960,55,gpid_tilde,0.20871215252207903,16.524101186092025,0.0,15.787930072922425,7.312028904616469,16.52410118609202,32.31203125901445,39.624060163630915,225.27372500789352,2.3543979850160213e-06
source1,960,50,960,55,thin_pid,0.20871215252207903,16.524101186092025,0.0,15.787930072922425,7.312028904616469,16.52410118609202,32.31203125901445,39.624060163630915,318.7771237201523,2.3543979850160213e-06
source1,960,50,960,55,eigen_pid,0.20871215252207903,16.524101186092025,0.0,15.787930072922427,7.3120312590144465,16.52410118609203,32.312031259014454,39.6240625180289,1.1304637540597469,0.0
source1,970,50,970,55,gpid_tilde,0.20871215252207664,16.524101186092025,0.0,15.787930072922425,7.312028904616469,16.52410118609202,32.31203125901445,39.624060163630915,228.60525914095342,2.3543979850160213e-06
source1,970,50,970,55,thin_pid,0.20871215252207664,16.524101186092025,0.0,15.787930072922425,7.312028904616469,16.52410118609202,32.31203125901445,39.624060163630915,320.1599835141096,2.3543979850160213e-06
source1,970,50,970,55,eigen_pid,0.20871215252207664,16.524101186092025,0.0,15.787930072922427,7.3120312590144465,16.52410118609203,32.312031259014454,39.6240625180289,1.2228778898715973,0.0
source1,980,50,980,55,gpid_tilde,0.20871215252207867,16.524101186092025,0.0,15.787930072922425,7.312028904616469,16.52410118609202,32.31203125901445,39.624060163630915,232.8251463950146,2.3543979850160213e-06
source1,980,50,980,55,thin_pid,0.20871215252207867,16.524101186092025,0.0,15.787930072922425,7.312028904616469,16.52410118609202,32.31203125901445,39.624060163630915,325.62134486902505,2.3543979850160213e-06
source1,980,50,980,55,eigen_pid,0.20871215252207867,16.524101186092025,0.0,15.787930072922427,7.3120312590144465,16.52410118609203,32.312031259014454,39.6240625180289,1.0626261620782316,0.0
source1,990,50,990,55,gpid_tilde,0.20871215252207903,16.524101186092025,0.0,15.787930072922425,7.312028904616469,16.52410118609202,32.31203125901445,39.624060163630915,229.33333902899176,2.3543979850160213e-06
source1,990,50,990,55,thin_pid,0.20871215252207903,16.524101186092025,0.0,15.787930072922425,7.312028904616469,16.52410118609202,32.31203125901445,39.624060163630915,325.53528523701243,2.3543979850160213e-06
source1,990,50,990,55,eigen_pid,0.20871215252207903,16.524101186092025,0.0,15.787930072922427,7.3120312590144465,16.52410118609203,32.312031259014454,39.6240625180289,1.170911620138213,0.0
