model_name,layer_index,pc_0_correlation,pc_1_correlation,pc_2_correlation,pc_3_correlation,pc_4_correlation,pc_5_correlation,pc_6_correlation,pc_7_correlation,pc_8_correlation,pc_9_correlation,pc_10_correlation,pc_11_correlation,pc_12_correlation,pc_13_correlation,pc_14_correlation,pc_15_correlation,pc_16_correlation,pc_17_correlation,pc_18_correlation,pc_19_correlation,pc_20_correlation,pc_21_correlation,pc_22_correlation,pc_23_correlation,pc_24_correlation,pc_25_correlation,pc_26_correlation,pc_27_correlation,pc_28_correlation,pc_29_correlation,pc_30_correlation,pc_31_correlation,pc_32_correlation,pc_33_correlation,pc_34_correlation,pc_35_correlation,pc_36_correlation,pc_37_correlation,pc_38_correlation,pc_39_correlation,pc_40_correlation,pc_41_correlation,pc_42_correlation,pc_43_correlation,pc_44_correlation,pc_45_correlation,pc_46_correlation,pc_47_correlation,pc_48_correlation,pc_49_correlation,pc_50_correlation,pc_51_correlation,pc_52_correlation,pc_53_correlation,pc_54_correlation,pc_55_correlation,pc_56_correlation,pc_57_correlation,pc_58_correlation,pc_59_correlation,pc_60_correlation,pc_61_correlation,pc_62_correlation,pc_63_correlation,pc_64_correlation,pc_65_correlation,pc_66_correlation,pc_67_correlation,pc_68_correlation,pc_69_correlation,pc_70_correlation,pc_71_correlation,pc_72_correlation,pc_73_correlation,pc_74_correlation,pc_75_correlation,pc_76_correlation,pc_77_correlation,pc_78_correlation,pc_79_correlation,pc_80_correlation,pc_81_correlation,pc_82_correlation,pc_83_correlation,pc_84_correlation,pc_85_correlation,pc_86_correlation,pc_87_correlation,pc_88_correlation,pc_89_correlation,pc_90_correlation,pc_91_correlation,pc_92_correlation,pc_93_correlation,pc_94_correlation,pc_95_correlation,pc_96_correlation,pc_97_correlation,pc_98_correlation,pc_99_correlation,pc_100_correlation,pc_101_correlation,pc_102_correlation,pc_103_correlation,pc_104_correlation,pc_105_correlation,pc_106_correlation,pc_107_correlation,pc_108_correlation,pc_109_correlation,pc_110_correlation,pc_111_correlation,pc_112_correlation,pc_113_correlation,pc_114_correlation,pc_115_correlation,pc_116_correlation,pc_117_correlation,pc_118_correlation,pc_119_correlation,pc_120_correlation,pc_121_correlation,pc_122_correlation,pc_123_correlation,pc_124_correlation,pc_125_correlation,pc_126_correlation,pc_127_correlation,pc_128_correlation,pc_129_correlation,pc_130_correlation,pc_131_correlation,pc_132_correlation,pc_133_correlation,pc_134_correlation,pc_135_correlation,pc_136_correlation,pc_137_correlation,pc_138_correlation,pc_139_correlation,pc_140_correlation,pc_141_correlation,pc_142_correlation,pc_143_correlation,pc_144_correlation,pc_145_correlation,pc_146_correlation,pc_147_correlation,pc_148_correlation,pc_149_correlation,pc_150_correlation,pc_151_correlation,pc_152_correlation,pc_153_correlation,pc_154_correlation,pc_155_correlation,pc_156_correlation,pc_157_correlation,pc_158_correlation,pc_159_correlation,pc_160_correlation,pc_161_correlation,pc_162_correlation,pc_163_correlation,pc_164_correlation,pc_165_correlation,pc_166_correlation,pc_167_correlation,pc_168_correlation,pc_169_correlation,pc_170_correlation,pc_171_correlation,pc_172_correlation,pc_173_correlation,pc_174_correlation,pc_175_correlation,pc_176_correlation,pc_177_correlation,pc_178_correlation,pc_179_correlation,pc_180_correlation,pc_181_correlation,pc_182_correlation,pc_183_correlation,pc_184_correlation,pc_185_correlation,pc_186_correlation,pc_187_correlation,pc_188_correlation,pc_189_correlation,pc_190_correlation,pc_191_correlation,pc_192_correlation,pc_193_correlation,pc_194_correlation,pc_195_correlation,pc_196_correlation,pc_197_correlation,pc_198_correlation,pc_199_correlation
nf_resnet50_classification,141,0.27944789852839996,0.7217017717916547,0.6496745681137727,0.6299942763598521,0.5210938887321093,0.316030608849403,0.29224842399471784,0.0695258308880081,0.3343240184420918,0.3478165607618487,0.2820725559494801,0.5859527072071635,0.14641614475984202,0.25169469336180655,0.3291822009916074,0.14748288369586637,0.2217772649803932,0.11984454759190266,0.22352342742081385,0.1537852521013917,0.19267640381354448,0.19340270837633397,0.2051570876234386,0.1298228052393759,0.24047748455363274,0.10225795160004185,0.15753055022667595,0.09088896467649278,0.11280818015722405,0.21838877121045586,0.2538646658553525,0.16031440624849297,0.12215663421722324,0.07985798482057428,0.18507774069452007,0.048257283915130726,0.09328976548282569,0.21475454226277144,0.09188832122105743,0.1476580206893558,0.1120037458047189,0.1736127270129982,0.15159580471241138,0.11276229998914841,0.18555924759123413,0.011397775131417336,0.14626401642901046,0.22207841316591664,0.19151518495917103,0.166992560944355,0.17497227081221955,0.024813835083922486,0.15258735355246564,0.10366603707065386,0.02642001345804955,0.19420581016548755,0.21189411266030236,0.08868428504899065,0.07805648205077431,0.14790383971850604,0.16105308759680834,0.1811366917490803,0.17838761883556423,0.12893801326639112,0.35292357563285454,0.11766089730864589,0.048963861221922374,0.07564274307436361,0.0616976550689631,0.1668872373327832,0.12231288420934695,0.11521760142877759,0.10942838849989642,0.11800914285748654,0.10048236773925967,0.12048101945089533,0.08560593695555452,0.060162260195062545,0.09298783896476563,0.14911401273253175,0.04777297679455015,0.08530866873995921,0.14931411612940465,0.11977428974297644,0.06296332246211399,0.03449337033211533,0.06988707325758657,0.16139749890503186,0.07550144610324028,0.1292176877687285,0.031021761170407513,0.16794594312120492,0.11563948300479682,0.07866149786625341,0.10929227614037879,0.09247202019858884,0.0955691995668329,0.09893726549526036,0.04099266455521933,0.12768447176070985,0.15130623071266708,0.14022043836203704,0.07247515498514087,0.17794772306468817,0.06996421107083026,0.14003447611729378,0.1353315893367933,0.06327475867660035,0.08370741997351229,-0.001298625651949829,0.10210487641896324,0.09943757769202823,-0.01679972102935896,0.05713888668802802,0.10973853792593159,0.07531381262937469,0.05089413730768975,0.08874474661499136,0.113350057866838,0.1059866575246931,0.03343071957870887,-0.009447643122734486,0.14344314873689978,0.062128031875830395,0.021676305224444053,0.07752969916326743,0.01782243905866622,0.05716716370810615,0.10691584336809762,0.15406301902196942,0.13709928945746488,0.023032581188882757,0.10917443418613867,0.1179346071453837,0.08118419606421234,0.08135531410682896,0.05435371979975551,0.07977773793448084,0.06902368793730428,0.10228331146525642,0.047178711194825626,0.07523089154772704,0.08363858539234557,0.04174875185173714,0.07689970154284766,0.11525895625246954,-0.01447890335568418,0.015837817112392034,0.09665935682355731,0.07199973016018293,0.024708331020331296,0.09205989357063621,0.02947373332965655,0.08512363278717698,0.05110668672134837,0.04535415771600535,0.0579348673410608,0.039614905599178706,-0.008248523144071105,0.08815678652526893,0.04892089769107848,0.10930443830441587,0.06456734278117457,0.1497551959468323,0.09716850522624836,0.05946638635116169,-0.0037061107003159514,0.05206417685512731,0.10985220160219271,-0.051245438505939295,0.048513231758194726,0.08389361369233635,0.10247886903621449,0.04083638717029592,0.12086293547646278,0.0723394657277201,0.03685609494684536,0.05224340931617829,0.0784271144690546,0.09944043770841222,0.011929286130007264,0.09241957011898118,0.09995467547735076,0.07641047504094876,0.052994307615457724,0.09681672272562153,0.0020670377457273313,0.09592656948634184,0.05098678687525302,0.09307051115989598,0.09711811705695986,0.08329713798853083,0.00803141136527161,0.03770582991947329,0.03596662675723069,0.1156269584509347,0.010675356583401189,0.1193688000698309,0.11069266760495507,0.10330679429905736
hardcorenas_f_classification,294,0.46005980308758754,0.8046454903949639,0.7388432792866434,0.7204829931709968,0.6912026517559542,0.492323256585574,0.47696768762263314,0.20945607433805766,0.49351204123942166,0.5011204332346002,0.4416063616843607,0.7136653814498527,0.31743033575461427,0.4435267212771689,0.48527697018183175,0.3401652146658324,0.3869628104118665,0.1965412170024061,0.40533608242473207,0.2994192105328744,0.3699878539779507,0.36400933161530485,0.3364798268346542,0.27100468767653635,0.37280520039120735,0.27401950652077495,0.34353769495295045,0.25034485127456085,0.3178275987109558,0.3701232799215864,0.37648416612455715,0.2968000688987599,0.30334505311656285,0.21486469268928765,0.3749167841946102,0.16369163733907813,0.18837985099495339,0.33913367583664633,0.2111172656312766,0.3096555377543722,0.24524154746260618,0.3320813445534085,0.3402129785410827,0.21881295146562524,0.34742789019070525,0.22076822749265068,0.2884487948645755,0.386803199490776,0.32252080676491285,0.24031787915925293,0.37351422379837085,0.14295241922579663,0.2871427494048621,0.20177961503976055,0.2576814842094561,0.35188529580622196,0.33925136441793513,0.27559064829932056,0.20527480988916363,0.2777637286813156,0.24495441503742146,0.31495979650227673,0.2451817016696201,0.22723542617795547,0.490017634901047,0.23876430297932674,0.17375013834686756,0.14717792502770877,0.1713674254245678,0.25131101844948883,0.2891257413197095,0.23402275096284897,0.24821358043119016,0.1744396786374703,0.19778319919700835,0.27011706140396624,0.23929839787803447,0.23523591983615136,0.2434750732643518,0.26536753114684114,0.21261177359187144,0.23548717813832507,0.23996516991937092,0.20716026538071858,0.22599620366840584,0.10604459972307295,0.1802624467918889,0.2974377182677511,0.24166178861374923,0.24133056497767338,0.16307750882654568,0.2831987097651395,0.15206845655168408,0.12660786626886864,0.20807251869858684,0.2281996714833965,0.26361215401467863,0.14249512457519725,0.1187321326247693,0.21556549800973449,0.22776803391352052,0.2940408044690466,0.24976322631736114,0.3033020494791388,0.14443888410333744,0.25440053369552773,0.2415761325753768,0.2524342218812787,0.20856754575359118,0.1468854664513001,0.11039541003742899,0.18024437040975572,0.14807702931073213,0.16612667731640146,0.2663715914778579,0.17200914461715414,0.1609925858442662,0.21215539407704123,0.20497534614885804,0.24343179789236574,0.14869410979087802,0.18510219893979504,0.2695058089842365,0.15339423751838974,0.14014659202523652,0.24730209379383022,0.18341883321575364,0.1452351403713555,0.2192843114639838,0.24425925000806525,0.25697993259902957,0.12424782972535653,0.25517569187873634,0.1628051690212178,0.17657295822594107,0.2463317718114273,0.08654070952586393,0.19015819455090482,0.16049673311798363,0.2244579672140834,0.19775481957140983,0.1723716770933707,0.1586762135550672,0.21634522138816326,0.18806610627302206,0.22103163208396553,0.14315837803807038,0.1431833319426135,0.20668852614447236,0.18929168031587384,0.19799608977514213,0.18379779979146782,0.15649788939335482,0.14951182322264256,0.11892269318191896,0.10223609782556199,0.10351430813732597,0.1730221968815476,0.184541321503967,0.21888158943842229,0.10712670178691318,0.16223893163654066,0.1916850429606493,0.2832291315313042,0.1746722537692949,0.1430704642229797,0.18283614254514446,0.18323788990910853,0.1832210856867133,0.12501639087131888,0.21318208629881066,0.18444727503987768,0.2513197570166763,0.13059345440869158,0.22249828106057432,0.17297043569164902,0.07660085117169499,0.1408269052913927,0.08923657928774491,0.2260943271626651,0.12168252800177967,0.11736296067617216,0.16940945451499456,0.17839321284541942,0.133780983608954,0.12992918642672113,0.1195156331257732,0.22001778763157084,0.16667945802737644,0.18478636534945614,0.17312728507272662,0.13608710771591245,0.12157023722129612,0.11648249618662976,0.13990902775422398,0.17133036781432578,0.18603165375034753,0.11561624649608496,0.1647242298435949,0.21933813756120912
eca_nfnet_l0_classification,134,0.29036414204371236,0.7588861805536886,0.6880552004084703,0.6836173695834402,0.6092961461261289,0.37732025311631323,0.3708036818705881,0.08823811455007585,0.4298781852790435,0.4203702219110938,0.36970949539702325,0.6420554357253774,0.21792771640694003,0.3355168225088412,0.3417938815603089,0.19457510579846327,0.25121475453800823,0.10769178564966402,0.2961936753935655,0.3358852662578759,0.23909066056273615,0.23853578420868063,0.22207463361262336,0.1913180978594832,0.265266194538209,0.2307723734940966,0.2024725876378073,0.17249723539759676,0.1626752538102324,0.22089715358876194,0.2749132287950638,0.1512896446560176,0.1607468514215369,0.09826747213875728,0.25175097900218996,0.10947637496536333,0.11373227446024906,0.2311329914495464,0.13888066352144351,0.17422621077955064,0.12096195342438547,0.19808862418911224,0.24838362680238762,0.26192242902079577,0.2651007087598378,0.036457101364567375,0.1724784147556886,0.30502300695886664,0.24082549275156848,0.17517094203183156,0.24880189121770427,0.0368872780154113,0.16973448532076185,0.1489527527211926,0.12847416737102463,0.22703000169810256,0.15855195853337525,0.11117391492863195,0.09677419482440033,0.17784737770499212,0.12227580424138577,0.189637118832115,0.17368381601685803,0.10855377749243524,0.3853949770985779,0.10931991171114665,0.0915385070020801,0.17560054660604787,0.16144844704064307,0.18768098430206737,0.17644640475428766,0.17114203562784025,0.11354677297339832,0.06080303045933866,0.07861027851136955,0.14692596784271292,0.21151504302773325,0.1730831118844694,0.19207517650779932,0.153373673655113,0.20291155679514727,0.10592404272137415,0.28350996445714066,0.05559636249850448,0.07279582567133785,0.01519534960996515,0.09145177948646692,0.16361389432640872,0.1594615303078017,0.1465922926591679,0.10229215040030847,0.14264064789240247,0.12835243866369966,0.09840952724899928,0.1303413440607794,0.20974950113688626,0.17101364389130141,0.05960141684354036,0.05842415705100476,0.21546758161104587,0.10693697520805781,0.23261422274682908,0.26569909190258034,0.20055697523159005,0.12763441349363225,0.2706873024486031,0.1405147664428938,0.09657685663785052,0.09277882908872721,0.12090682911850738,0.1168488258983146,0.18825783746093744,0.024786307288977506,0.10860136276256856,0.11272533003664469,0.06840918605464595,0.08144238808529397,0.16011230955216352,0.08936640212662827,0.195722366430399,0.07597284829996896,0.06374195223080055,0.15347486075918412,0.18652115407991135,0.03661296831439119,0.11162405499591634,0.06594601356758986,0.07256351538802704,0.14027370346599097,0.19611026297604195,0.1879979346238135,0.02716339453405819,0.1729754218733099,0.09992455123848157,0.05953852118830449,0.20868652373297858,0.061495493405625254,0.10310261855802542,0.10214955266143189,0.14547072760972354,0.21042600143940143,0.05580175305642747,0.05645418070692999,0.21149138628662423,0.1027941676495148,0.14112443364973815,0.1705907875335105,0.06501807091836437,0.0893688284741173,0.09364319956705164,0.11739087718707537,0.12564855178537804,0.16486100168550452,0.18320247601410886,0.16274351595569217,0.06371892533661948,0.11406016672686811,0.06598878971941965,0.0728365405654568,0.10681207648220091,0.011198831763821453,0.11506927571026304,0.08418167623049864,0.15502876269714058,0.06722401379450017,0.1948251427089491,0.19252970647550552,0.06854205146993843,0.08242866743522462,0.028172491029848153,0.2099782800607655,0.0724153811658481,0.12086000044474743,0.0480668254623849,0.2345269206011748,0.1273837001045371,0.07548057480389432,0.0837637833389633,0.020570244762492737,0.14319664137920757,0.06376882280885258,0.12084940225407856,0.18778664708786666,0.1693453182917884,0.19216159050038584,0.09624247401577024,0.004336581709439179,0.11677279131840702,0.054250987959746366,0.10925372818027015,0.0918343437994919,0.0734134102362376,0.08234436811606193,0.0841434943384549,0.02817434713110585,0.09694217769060813,0.10778241179469679,0.14105668570794672,0.09042352151307205,0.11944380529562719
resnet50_classification,156,0.43225292374443014,0.8078329808880309,0.7121729854861583,0.7141398295094655,0.6742727070742657,0.5003237676023468,0.4357254161392556,0.22120550543269452,0.49441550873049395,0.48709317237733907,0.4310375720380131,0.6974279002947562,0.31993961796151454,0.42427836754473947,0.46380580421459333,0.3469316151441195,0.37307992013243507,0.1547911854208575,0.41343645990868816,0.2858528317833736,0.3649758340002068,0.358121205581781,0.34244147610988546,0.25512304428623167,0.4098630091118013,0.24382576325152389,0.3372313017653214,0.22306294876831115,0.2805311455937227,0.3396874793094754,0.39580610841053887,0.3206322586148114,0.27790347862192716,0.2156949606172045,0.33609316876164247,0.18579880122153972,0.16780182881142347,0.30454896720627245,0.21518076379048776,0.3073140980144001,0.25730453937386677,0.3185260634873657,0.3206337872975194,0.2495920903487425,0.31510732885569964,0.20530176512068776,0.28576727177254746,0.3380847236699218,0.3269991842522828,0.22647507030179026,0.33703028512139854,0.15213592498342957,0.23201280233564156,0.211627852926371,0.27297049527185746,0.3067264984710153,0.3370388031092788,0.2636167615740421,0.20559867568843604,0.227198747910844,0.23307191235524388,0.29275983821916074,0.24678941836426732,0.19721848153566554,0.46668242847972186,0.21826026040343297,0.15892677749646916,0.14593988942824793,0.17522052516109218,0.2638329849965885,0.2755814368447442,0.21082253872673096,0.25907879451800014,0.17028405995758775,0.1725958346073853,0.26916875389695366,0.20517593108296958,0.2388668110780076,0.23111994547051537,0.24320340284129033,0.19353470089124958,0.23078222108160118,0.20744867284541693,0.18823768946674962,0.21026977555980253,0.12474013041099397,0.18217530211336178,0.29779337498844427,0.23169314008966557,0.24004545413908293,0.1143497386057888,0.2454137021514552,0.1531776117245271,0.1304656953346162,0.20154390460929986,0.18766298203290827,0.24171114612800884,0.15765895571008834,0.10383633599238255,0.21125659843486075,0.20947712071462418,0.27317481917931935,0.23127377227755536,0.28552364017757303,0.1764524281823257,0.23269348826975494,0.25503498687155424,0.2593549532894833,0.19635151399345088,0.1657440385649785,0.10071946888825872,0.18065313554155019,0.17445863326879538,0.13414497269674994,0.22856261553393148,0.16158852378342098,0.15729547829363666,0.18713124636617096,0.18130041527581064,0.23935021786763935,0.16993247408586876,0.15883063736138092,0.26044304186642425,0.15922195759025073,0.11917053771977305,0.2218777684692207,0.17075712959741413,0.174994760150956,0.2167732388428629,0.23958229487053587,0.2317888054183828,0.1309650824072584,0.22929024088003197,0.15757232910910485,0.14329359668741218,0.2363501659936231,0.1402531292600973,0.19766760062540822,0.1431414246235589,0.20465943174337545,0.17493276521249343,0.1737737253243045,0.15707537499774638,0.15543039964435765,0.16350555987798474,0.21485353974977633,0.17262292020164077,0.16343151096203873,0.188376069348226,0.21180151378769935,0.2091255821485995,0.186413021193158,0.1178538533725487,0.13466240246158148,0.09984954078077103,0.093561669597173,0.11881210362469481,0.1650896687224726,0.15783910459593573,0.18975103768201065,0.09755727549046624,0.19235351191580277,0.21223541438797497,0.24276036657432049,0.18071530327766747,0.16722290685904698,0.19990741536961112,0.17492900665105893,0.1490191273054378,0.151297380882629,0.2020595510966001,0.1996132715908784,0.2448470223613793,0.12650291426111024,0.22145728782950283,0.14826929784113935,0.08808937831242791,0.103969208239696,0.06744790559727219,0.22014137675669557,0.10908038621368851,0.10804572400894612,0.17367773073652984,0.15057124093139002,0.1777625537608603,0.13616751813632932,0.10106071770181588,0.19303927687934652,0.17647948711811623,0.1533347192720162,0.17714034569754625,0.16349919638883295,0.12975356656311693,0.08337043606040535,0.12058446515309829,0.15108783011580385,0.18828211131028608,0.136548562453237,0.15702232673837627,0.20287124930550557
semnasnet_100_classification,270,0.4589792097251669,0.8184238029105189,0.7094976131522491,0.7061474423393045,0.6875229325749167,0.48863580725445366,0.45963819442569925,0.19174291759046197,0.48908665332792306,0.49133416093596327,0.4380190477445222,0.7174673078583962,0.3269162263753422,0.4307341096725812,0.47542954473833887,0.34747124689765724,0.37490653551137754,0.17368390341406711,0.41898563897068486,0.28843791474678787,0.3680757525626528,0.35503812557909464,0.32433218816798964,0.2541582542633574,0.37392616403861084,0.23723585379000706,0.35283741687081366,0.24373015679410864,0.30526663965450396,0.3427914651990148,0.369421245209322,0.3025275688864508,0.26650668713334014,0.21401535868422136,0.3177311433701915,0.20054980663816613,0.16777586839043784,0.3144579824812145,0.21478530826659217,0.34640927266725074,0.2540962190549512,0.32758081470381595,0.3146875845905356,0.2412784088165174,0.37060011687134614,0.19008850567620694,0.2866266429606663,0.36077472297870694,0.31796318675966145,0.21990850884349059,0.3448964118310383,0.15063523553781258,0.2669237231838198,0.21124064889116412,0.2644101859951557,0.3244586918980304,0.32063276216998965,0.29428835906472806,0.21260542557332066,0.24041248949801172,0.22909445832367642,0.29393414129941947,0.25602357647330004,0.20065452032975464,0.4662763627663642,0.23425046595886634,0.14455185695269468,0.13925811084603726,0.14967739120437681,0.2720086365363608,0.2832058379356058,0.22905832938861614,0.23888840191636712,0.16183194670622378,0.19065397014520125,0.26074982511562067,0.2331997505410915,0.2249063560131962,0.21857145334366407,0.215274209268659,0.16457933676340183,0.23473741692593478,0.23068312204162128,0.19366295879583442,0.248532102436473,0.09749463527115292,0.19599190420191845,0.3130267995824952,0.1991668136627029,0.20950992035597962,0.13776749706999808,0.2503356345409389,0.14766693370286016,0.15575586959263532,0.21536778747110732,0.1899296260829545,0.2363296205715426,0.17833269484873365,0.1258907693391865,0.20312046007943596,0.18013142116890782,0.2698200035108722,0.24422688063084247,0.32471257976934037,0.17893727824916614,0.2345876374018978,0.2236545116056574,0.23396527098104772,0.22256412744461915,0.17321457161701748,0.12206576333376784,0.1973304459038518,0.1376794140930573,0.1726240065269731,0.23591057244204408,0.11536403491605583,0.17471481549119167,0.2113218867245838,0.1954198736656832,0.22876627978057343,0.14233572348371049,0.16960461276469296,0.2587239880618935,0.16775071573654218,0.11517583411362013,0.23108641841940045,0.1768263110459508,0.1895170488787772,0.20948219563954373,0.2143439427334766,0.25396852308423384,0.13914284604873614,0.21812943990556757,0.1855353375872435,0.1644349148781822,0.23694254719092178,0.12364911690270834,0.160768637314855,0.13964615206783354,0.2149983515882964,0.17944278534590355,0.17673912483943696,0.1346526688660247,0.17018305076865742,0.16524709247863098,0.23106157941557884,0.1765189877601948,0.15457755532785875,0.2001253211166663,0.17447305121868248,0.1797456633138237,0.20748184550771467,0.1487781386198843,0.14850806778482034,0.1242671615982203,0.10728625028264399,0.13508858244400618,0.16512860910576954,0.1790533334227066,0.19432426524278004,0.11254454872704799,0.16742141949010045,0.17434094765577532,0.24141175475084067,0.19148675992835698,0.1569374857129317,0.17572139266573777,0.13618133004955632,0.15922638156607272,0.15375618667116162,0.19063567158746952,0.19204766162615186,0.2164985661844237,0.12174755615004954,0.204898499061892,0.17654675010170717,0.11201247473045034,0.14138720192302603,0.06988717388634018,0.2354014828050576,0.08228622745387497,0.12834387348170634,0.1870874349391776,0.14769584044816675,0.1524503530743861,0.12124633957285275,0.09609213138388484,0.2199843134175099,0.1877904967766928,0.13657657263547915,0.177191627472181,0.16849332535976308,0.13001392208678458,0.09157929545367505,0.13668302895794923,0.1586722123339278,0.19856934818527208,0.11182617737215848,0.1259407074592467,0.19350929759977611
cspresnet50_classification,320,0.45950376834531104,0.8199853753331557,0.719020280311872,0.7202162297636415,0.6833755212953129,0.5091760294025586,0.44940819600785,0.20830526196746166,0.49209496987718687,0.4943531895271596,0.43943530806836995,0.7196134297194848,0.3387250257037817,0.4375034868082508,0.4725289122724895,0.3327984456347577,0.37925014296937126,0.1766128606106696,0.409604707483181,0.2895878871540332,0.38601526080921367,0.35735429232989424,0.34384503011002693,0.25651640809127585,0.38588123441705163,0.24766997730808604,0.32942992193768145,0.24151667593537424,0.309780083173697,0.3541383551099085,0.38170194155528037,0.3071721269338778,0.28956206313638105,0.22204659146118721,0.367306928287813,0.18946120203540007,0.2020153496082578,0.33876442696560444,0.20328452318537393,0.29928748352269163,0.25685169434212746,0.30671037990611266,0.32341910534205937,0.2487166725303833,0.3661474955740084,0.20149409323137532,0.301931155730762,0.3815103149628355,0.32924980552329164,0.20438434452495063,0.3441916275639457,0.17780370517588434,0.24348233625781726,0.19911699840264296,0.2618396124215179,0.36255994592236773,0.3295730702567539,0.2644605395518952,0.20584966270053512,0.24245680366741046,0.25975126781570235,0.3131838044740511,0.2626187404065093,0.22687879825222018,0.4640742483295651,0.2416241484118076,0.1480889623372413,0.17404112949243675,0.15675533367361355,0.2736080598705789,0.24124348204818813,0.21314368777878592,0.27136104724907845,0.16867301439347598,0.20282840393424148,0.2622323413471516,0.254603675273137,0.23617982033141183,0.25039535944501773,0.2567924383032859,0.1722723166189774,0.22443896421901344,0.2256547596925353,0.2116911646487683,0.23604620011463484,0.1304077121152857,0.20807781089798474,0.289869411632263,0.25497467525096823,0.2156261010223711,0.15980876862277402,0.2889153884582143,0.17704691579516899,0.16299881844427797,0.21407293139548667,0.2360780223639339,0.26902663489631995,0.14380363041813438,0.12029465997360425,0.20396641222916054,0.1985441312302472,0.29315307755930753,0.25157749916448047,0.3152586673756703,0.17779753364935097,0.22273802522835298,0.2687554660723812,0.2847678170775179,0.18879953927392668,0.15059946162726423,0.08672373588212608,0.2171172290898822,0.13590050424289973,0.14142529873858764,0.2662228988223456,0.12584482593297194,0.1752910321032649,0.2128132323899842,0.2143757249230998,0.193170598558818,0.14859427519815346,0.17059756400661402,0.23687359312447231,0.1733213648282488,0.1396043745231707,0.20472484261405186,0.1744501839376302,0.14842390156915106,0.22644548965519395,0.2323655548103851,0.2663847551766101,0.13999334203497676,0.21080003817048926,0.1457442472314087,0.14645553516001647,0.24276485995520866,0.13328951498799615,0.1957488701502627,0.18799361256284394,0.21004909006151753,0.18433789073835388,0.12976409046624796,0.1681700187067678,0.1846086512194456,0.1573474099875829,0.22618886851655948,0.15019190545109004,0.09527593137509051,0.17191473849310202,0.184607593006762,0.20890616233186346,0.192666458236464,0.13451360775019006,0.17517415045252038,0.14468060935616425,0.10483457920800986,0.10565362075914606,0.17364255358811062,0.1906905558716453,0.1985697236162964,0.1099797949570804,0.1550895890111541,0.1906511781808689,0.2673303100417245,0.14691639179747704,0.1767609343134068,0.18966283743844645,0.1842729272684077,0.17033079280420954,0.17195490193914464,0.175708390867796,0.17605838310145216,0.23340213426967993,0.14833701497557303,0.1861079972729716,0.1514521153640662,0.11223725390593012,0.15679889316702156,0.09165815751886464,0.1945562225483503,0.06610017592983577,0.10689472296117582,0.18971082981790494,0.172751743538732,0.15332548203615048,0.16512168421868326,0.07664809250898434,0.19108919363712196,0.18112616348650615,0.11828656158827817,0.1773160636707892,0.1652025231294691,0.10009233603214208,0.1301069427573198,0.12345085608945504,0.1866089499236335,0.22275135125292148,0.10242413557320774,0.14229961886773893,0.20080403950020645
mobilenetv3_large_100_classification,252,0.4501757954477339,0.8192915484300634,0.7441842599483818,0.7356831810633606,0.6902670448121487,0.4855539923514034,0.459122036910088,0.20857216445951812,0.4781588001556354,0.4992247253646724,0.44958154616720436,0.7180608663728515,0.3404565596665835,0.4558306998765744,0.4810939944692748,0.34312189189980724,0.3817512075496124,0.20671525663422324,0.41048645353725144,0.3193648489714219,0.3833486135781286,0.37575868304788584,0.3472860165169501,0.27562058483612206,0.377348985331298,0.2283717039580621,0.35046471287631603,0.25944320508750496,0.30864998229437113,0.36145430068748824,0.38965531358776234,0.3255518647575007,0.30500987108212907,0.24575342886287932,0.3881820247023621,0.19502802798643062,0.19506787643698692,0.33015478574505364,0.22310293976201748,0.3251301562860047,0.24410514448757933,0.326813089766089,0.3326679050195086,0.2420529045541721,0.38702145634335183,0.19994975007505347,0.31384412045018045,0.38813212317539086,0.3421783178567279,0.25907553397407734,0.35790785640122225,0.14325332502642837,0.2755595387518471,0.2208463654011018,0.25651501921789177,0.34424581572777196,0.3408288358174436,0.27815441108386224,0.1861596832900286,0.24864325959153025,0.2513682094927027,0.29331090501915064,0.277988751356041,0.21378232353123441,0.48820032323225543,0.25574556530065784,0.17950717593918963,0.1600762978896757,0.17475210907937813,0.27840446346987263,0.28651370632576634,0.22284080291220415,0.26081765000837925,0.1858717088295737,0.17276717274519168,0.25902179804189523,0.2575579323460783,0.2269229651363217,0.25084238438772416,0.25158281201905863,0.19320102627038516,0.23342272038572043,0.2535441568269383,0.21045707297177008,0.23410760394045577,0.11808973886444925,0.21656960928158742,0.3180347827041351,0.2330453484101309,0.2340084085491686,0.15464036488748617,0.2852584085193188,0.1796970979021018,0.17404259486436072,0.21013325750019757,0.20793052644332724,0.27044820287234356,0.19012038828547162,0.13458281841214165,0.23960320410057762,0.21552955055758197,0.3141885551069395,0.23447511166422497,0.3215739373396933,0.1397961177162303,0.2699977997377755,0.2510790642046952,0.26992927491004287,0.22709553504324015,0.12322252781063989,0.09666571434834126,0.21466864539070718,0.12882827433260896,0.18431210009646876,0.2710786394408722,0.14843605562593942,0.18084676697468544,0.21583561670563972,0.21970339702530764,0.22784175803305357,0.17367591047293926,0.17154236563492675,0.2567448201165852,0.1841145066979018,0.1475253889301168,0.23281481898129758,0.218010692256253,0.17239437408472208,0.24686129002326554,0.2150657888554771,0.2904524645747,0.13020087955577275,0.24452367242952977,0.18953448395337116,0.16345984980949846,0.2640198100589057,0.10955866992356732,0.20320762326949052,0.16410220476466503,0.255810317501908,0.18423856456482984,0.1802468172715238,0.19295369900084086,0.21405400592789797,0.18509482517206763,0.250295072680073,0.15632329119086408,0.1630728453527462,0.20213369947965892,0.2247255242711786,0.20037401145727946,0.1769500031804521,0.18229716650032135,0.14495803304681093,0.14109642202086373,0.094856633106604,0.10993910071978041,0.17279665933066637,0.18750406738337358,0.20841262809090036,0.09714776188876546,0.1934213224692473,0.20698508350498976,0.28551409107472103,0.19824135857435604,0.1742552678082201,0.18443198692760832,0.1963404950289782,0.1773769433108363,0.1457432991377209,0.21185617570371812,0.1916143586923549,0.22507976526801615,0.11156350903758612,0.2509984874297947,0.15935067447877543,0.12445785609995451,0.12343533919242218,0.0735698230034133,0.22041286881348388,0.10095322910484142,0.13844960331187064,0.2028002198021774,0.18361795811087062,0.16771084806542244,0.1232160445562526,0.11448936243804071,0.20468326611288098,0.16106385043687033,0.16590880119381649,0.19872627672495677,0.13898919763565512,0.12422667824018979,0.12605255287346115,0.15184890279197122,0.16386631944757796,0.2035981059402512,0.12716567387219152,0.15420178021463193,0.22389442580306965
ghostnet_100_classification,290,0.4421987088927165,0.8057421174007192,0.722853130862271,0.7039572685270671,0.6808427026080464,0.47496614034438095,0.436256661026923,0.23088441097589305,0.4965526935462263,0.49351609942277097,0.4274719934026342,0.6882441464298459,0.3332765514175224,0.43378267057315534,0.4596355816576665,0.3325257572994398,0.33777055902409664,0.19849949544149115,0.41646335764736536,0.31659650827502545,0.3624697501543254,0.35149497583220557,0.3555891254440143,0.2662915428053431,0.388782318846985,0.23421430806380789,0.3415852515628329,0.2609767033647167,0.304036486126557,0.33860739213984703,0.3740946137338014,0.3166649579170899,0.2743594536768828,0.21184623873155572,0.33983935590293346,0.17985461552135246,0.18731087972235747,0.3217154609276853,0.20920154622805043,0.2809654396136299,0.24653849470766018,0.32246052152626137,0.3250828808100001,0.24520437750697097,0.36568424813214556,0.19103780238584098,0.26239691368504015,0.38186525948206407,0.33689992972029603,0.25015810307896386,0.36734106483847495,0.14161861844633672,0.26855120489360096,0.2408890975425252,0.24576375777540885,0.3179969628979043,0.3207553802597799,0.2420292107331103,0.16476131743743674,0.24559527001835968,0.25947604375435174,0.30426868853978495,0.23736004686081813,0.18680636245166576,0.4574022202577523,0.24663983189665348,0.18195434461275592,0.1654471563776672,0.18306404910408397,0.2771447720334463,0.2767949214650373,0.2449219968322703,0.24653068618196247,0.1992719092380999,0.1477951987314672,0.2352317473928575,0.2323368818875744,0.2154867831694101,0.24725011870991506,0.2544700453842006,0.20717151983512858,0.22864092031648453,0.21419600369148875,0.20157923555394555,0.1962639616345405,0.11127003849687965,0.2078371782995861,0.28411164404509004,0.21675042343952783,0.2331077175281671,0.17090785378990014,0.27767535068158056,0.18981827023758563,0.14525077816741075,0.1960687402501413,0.19290786063447943,0.23865364591084157,0.17106404669970074,0.12519098715544016,0.21555844352500872,0.1982339558119618,0.2616538447640283,0.24512705533759938,0.32452029997863885,0.14400283793068672,0.24292010359664049,0.2570354763899632,0.25328016228623557,0.15875454387901985,0.12384299414545118,0.09044352863496069,0.1666356851622311,0.08991482334928239,0.1741452190888486,0.2588010723358323,0.15277880258689153,0.16408348945232196,0.22068945722079022,0.2138983914368637,0.19780277783389585,0.15026195520845206,0.13986421528759446,0.27395248524896726,0.15365258032869406,0.10929211387114882,0.20849127599423883,0.19968036979865067,0.17528852849814386,0.2105187263797642,0.21709596539216433,0.237169927936762,0.09801076313831601,0.2431820652609098,0.1932625061019957,0.12663474429429666,0.25057936657998914,0.1370499194997877,0.1894627605829322,0.12517000392255423,0.2125882603456155,0.18249692864307127,0.15435034760822888,0.13462050617053345,0.2005252429945209,0.19596350343244048,0.2384950446381506,0.13241014494223588,0.1598677238435679,0.1956248577323304,0.17325366055597216,0.18824675841831728,0.2062448395958083,0.13921632157691108,0.1274472322385253,0.14843163159314332,0.08577615054148564,0.10376137839184288,0.17964102499237386,0.1996240077947329,0.1922450890146005,0.11903438347480653,0.17089747035014968,0.179671518780168,0.26712957847951313,0.1941530181987911,0.16049231950624746,0.1835146865998986,0.1744206626774536,0.1679539907691236,0.1514425898035132,0.16906558920128817,0.18155412765357132,0.20228958483539716,0.1381838814378885,0.2081008810828644,0.13624549829677954,0.11264693220427738,0.12729300053160944,0.06316804363748195,0.22380034948151906,0.1100087243539575,0.09428081249232564,0.18439714745802444,0.17573193636234077,0.13105988118101697,0.128647973097562,0.11165549802878348,0.17969630312203483,0.1628182067266486,0.13606249303080203,0.15868803667075024,0.13991920435734476,0.10453372931077284,0.10994795701267479,0.1723883382728389,0.17233684236555616,0.1784110839701428,0.11646208442827151,0.13742497973025739,0.23808349955548339
convnext_base_classification,273,0.2540484999198364,0.7132453977830397,0.631060839567883,0.6288240743618824,0.5430373967719633,0.29595214322843943,0.31944473641462157,0.07722867355680733,0.34238576311135027,0.2952527760488855,0.3119373042027199,0.5840728617986878,0.21957537057677054,0.19998908193620596,0.3192279209506251,0.18386914950605548,0.22251968753404638,0.1625496348300579,0.25623732801275223,0.18470411004118,0.2517694108679335,0.23595226446617,0.19175389972174978,0.18298229328640817,0.20094981070387516,0.07546401777944213,0.11468061487944853,0.1539716291272072,0.13600024573121855,0.18576333614022808,0.20048476511432847,0.12659430602250002,0.11072700230158276,0.07245239571916394,0.22567333575190007,0.046118667573486725,0.0733733450107522,0.17602870588890648,0.12898132473923926,0.14813026799472967,0.1129363989385677,0.14774774552633343,0.15897248669655137,0.10097166805314779,0.18590204634477214,0.0673016305347676,0.14867546177678667,0.3024356893061861,0.1532260980472978,0.14730166161006725,0.19954060362847495,0.09013207487133465,0.12385155185471333,0.11283875111335749,0.085211706533234,0.19875419204300046,0.15996132888190998,0.11813006933932431,0.12100458288790462,0.1238339658046376,0.09531757062966574,0.14832111126857092,0.1012939993624767,0.1554634678873373,0.29913525690933257,0.11197978386654536,0.035439433573646144,0.0668174758131887,0.07337621153011267,0.13726611607799563,0.12093525736273465,0.09026868732538335,0.1327884443633419,0.10780408105000586,0.02987199458253663,0.158561288379945,0.12773310641742674,0.08328796802416302,0.09257033972101927,0.14115246832919429,0.03508527641041855,0.12256183974034308,0.12501404684258477,0.10068542774058876,0.09426892817044456,0.00864614046554953,0.08166569366789876,0.13524340676150118,0.07820898222120409,0.16674592639672955,0.09920362573163058,0.14146269511956955,0.04006780183283368,0.07880437744411772,0.09225635737148989,0.08307976728152969,0.16484657057813853,0.07107431877146621,0.08788907718483953,0.10171546978095522,0.11391052803012908,0.18278368485964627,0.1096998731026338,0.1279209525213039,0.06913144551596861,0.14563753352118985,0.15173747038744248,0.10400472343680334,0.07533324024314621,0.027309305963403308,0.011834379296626108,0.04879744997995603,0.04482343598817711,0.0786641220705248,0.1330448811346953,0.10478202264572165,0.08363276989308654,0.09270979179164149,0.05372586169641729,0.11319432212238642,0.007522083808993101,0.08173923116211132,0.13717608432831616,0.05930891923747504,0.004255229984452205,0.05536873101050043,0.0560183920898037,0.0638188985165688,0.10347863983402712,0.11348623920411637,0.12601869264656046,0.09891108131827081,0.0809040605711544,0.12520203291997498,0.07761455895049972,0.11938485874172883,0.05991863602323844,0.09588773198324001,0.13370535421768792,0.11755525033696705,0.10358855600588823,0.05696869730604436,0.1317294543479333,0.0430074751786879,0.03614483593532558,0.05217879014460065,0.06756400543092864,-0.00109597470350574,0.056544030013394295,0.07973944255408323,0.09821868974583527,0.10132599984771506,0.018277249076883124,0.14398155709556368,0.03114344958959166,0.05801830683582192,0.06902703601224455,0.06239049912490049,0.04465488450147855,0.07649328162370816,0.047640123579011436,0.07745061323778404,0.06896065281393708,0.11375417617229432,0.06355567739322024,0.022214671287267448,0.057989888847099214,0.08353414601261808,0.0854234089348393,0.05805850689403844,0.07026278757192278,0.08618936806870667,0.07563705698308518,0.01754244883614157,0.14318442617770796,0.12330945287587713,0.042188708984499806,0.06267903278410754,0.03330986428575055,0.07759251744177682,0.04939063191105326,0.004170445388951013,0.053233362623724134,0.0476626978789288,0.05247117310278855,0.07199478663132856,0.037623620278105466,0.07935105093443709,0.024064520917596453,0.12939526248847452,0.05215170174361403,0.06926743593998747,0.012111255549082657,0.08030638220098905,0.06168890910727121,0.1381668086179509,0.06120000173505303,0.023646097179898184,0.06045373550348919,0.11301346482269793
