red,unq1,unq2,syn,bi_mi_1,bi_mi_2,tri_mi,union_info,obj,obj_bias,own_imx_raw_bits,own_imy_raw_bits,own_imxy_raw_bits,own_imx_wishart_bias_bits,own_imy_wishart_bias_bits,own_imxy_wishart_bias_bits,own_imx_wishart_bits,own_imy_wishart_bits,own_imxy_wishart_bits
0.0,0.0,0.0,0.0,0.0,0.0,0.0,0.0,0.0,0.0,0.0,0.0,0.0,0.0,0.0,0.0,0.0,0.0,0.0
0.0,0.0,0.14787161264550885,0.0,0.0,0.14787161264550885,0.14787161264550885,0.14787161264550885,7.907409250831284,7.759537638185775,4.961588998631072,5.180508181232196,10.602476116911257,5.032636568586759,5.032636568586759,10.546829786087995,-0.0710475699556873,0.14787161264543633,0.05564633082326218
0.023918195452889923,0.11967962081387601,0.008148132571474564,0.051601777104456514,0.14359781626676593,0.03206632802436449,0.203347725942697,0.1517459488382405,8.022198818206983,7.870452869368742,5.176234384853455,5.064702896611052,10.750177512030493,5.032636568586759,5.032636568586759,10.546829786087995,0.14359781626669552,0.03206632802429249,0.2033477259424993
0.0,0.0,0.15752143456026335,0.0435865149447805,0.0,0.15752143456026335,0.20110794950504385,0.15752143456026335,8.060571897684257,7.903050463123994,4.996789621736398,5.190158003146951,10.74793773559283,5.032636568586759,5.032636568586759,10.546829786087995,-0.0358469468503614,0.15752143456019202,0.20110794950483538
0.0,0.0,0.001776718799534116,0.0,0.0,0.001776718799534116,0.001776718799534116,0.001776718799534116,7.8597669584787875,7.857990239679253,4.968242603488602,5.034413287386215,10.438432603555313,5.032636568586759,5.032636568586759,10.546829786087995,-0.06439396509815759,0.0017767187994558924,-0.10839718253268174
0.0,0.0,0.0833256711308934,0.0,0.0,0.0833256711308934,0.0833256711308934,0.0833256711308934,7.813081676535971,7.729756005405077,4.831509882811662,5.115962239717582,10.44071008512542,5.032636568586759,5.032636568586759,10.546829786087995,-0.20112668577509815,0.08332567113082281,-0.1061197009625737
0.0031698484870132937,0.005950136479426771,0.08914904756623487,0.03247896606132672,0.009119984966440065,0.09231889605324817,0.13074799859400166,0.09826903253267494,8.025172468997162,7.926903436464487,5.041756553553131,5.124955464639938,10.677577784681802,5.032636568586759,5.032636568586759,10.546829786087995,0.009119984966371302,0.0923188960531785,0.13074799859380654
0.0,0.06735605097301978,0.0,0.0,0.06735605097301978,0.0,0.06735605097301978,0.06735605097301978,7.867257771508161,7.799901720535141,5.099992619559719,4.938002587304863,10.487385892450355,5.032636568586759,5.032636568586759,10.546829786087995,0.06735605097296002,-0.09463398128189576,-0.0594438936376399
0.08122046567174523,0.0669376243617461,0.11518849178840584,0.08601074244545126,0.14815809003349134,0.19640895746015108,0.34935732426734845,0.2633465818218972,8.213577993309661,7.9502314114877635,5.180794658620181,5.229045526046835,10.896187110355136,5.032636568586759,5.032636568586759,10.546829786087995,0.14815809003342129,0.19640895746007564,0.34935732426714106
0.0,0.0,0.0,0.0,0.0,0.0,0.0,0.0,7.8104842821104805,7.8104842821104805,4.9829101034730785,4.954605777213567,10.373373963874947,5.032636568586759,5.032636568586759,10.546829786087995,-0.049726465113680986,-0.07803079137319269,-0.17345582221304873
0.011101118004999348,0.031199071157533405,0.0026189612651388375,0.015252674667048487,0.04230018916253275,0.013720079270138186,0.06017182509472008,0.04491915042767159,7.9182823557244895,7.873363205296818,5.0749367577492155,5.046356647856819,10.60700161118251,5.032636568586759,5.032636568586759,10.546829786087995,0.04230018916245635,0.01372007927005984,0.06017182509451493
0.0,0.0,0.0,0.0,0.0,0.0,0.0,0.0,7.849043145003119,7.849043145003119,5.018460585887803,4.961227814911676,10.477490630152738,5.032636568586759,5.032636568586759,10.546829786087995,-0.0141759826989559,-0.07140875367508363,-0.06933915593525593
0.0,0.14097991761224993,0.0,0.0,0.14097991761224993,0.0,0.14097991761224993,0.14097991761224993,7.965752059160769,7.824772141548519,5.173616486198945,4.90657037103444,10.639345844671748,5.032636568586759,5.032636568586759,10.546829786087995,0.14097991761218592,-0.12606619755231951,0.09251605858375354
0.0,0.0,0.0,0.0,0.0,0.0,0.0,0.0,7.934614806543908,7.934614806543908,5.029525807535802,5.011239682888653,10.502175344328782,5.032636568586759,5.032636568586759,10.546829786087995,-0.003110761050956771,-0.021396885698106747,-0.04465444175921261
0.02700942763596359,0.0,0.0991869657640736,0.022033846119312805,0.02700942763596359,0.1261963934000372,0.14823023951935,0.1261963934000372,8.07334294768234,7.947146554282303,5.059645996222655,5.158832961986733,10.695060025607162,5.032636568586759,5.032636568586759,10.546829786087995,0.027009427635896147,0.12619639339997415,0.14823023951916703
0.0,0.12524515841368622,0.0,0.0,0.12524515841368622,0.0,0.12524515841368622,0.12524515841368622,7.964256112133118,7.8390109537194315,5.157881727000383,4.927655268054724,10.610032166539284,5.032636568586759,5.032636568586759,10.546829786087995,0.12524515841362327,-0.10498130053203565,0.06320238045128992
0.03783392875854519,0.0019495300792580217,0.040084716202731574,0.026141567443324742,0.03978345883780321,0.07791864496127676,0.10600974248385953,0.07986817504053478,8.025893018995212,7.946024843954678,5.072420027424494,5.110555213547962,10.652839528571644,5.032636568586759,5.032636568586759,10.546829786087995,0.03978345883773474,0.077918644961203,0.10600974248364828
0.0,0.0,0.07797996167789556,0.0,0.0,0.07797996167789556,0.07797996167789556,0.07797996167789556,7.9269014908517255,7.84892152917383,4.9447108082513545,5.110616530264589,10.509329220573482,5.032636568586759,5.032636568586759,10.546829786087995,-0.08792576033540468,0.07797996167782924,-0.037500565514513064
0.008308153920441264,0.0,0.1811358184658829,0.017271045089018777,0.008308153920441264,0.18944397238632416,0.20671501747534293,0.18944397238632416,8.0923850786476,7.902941106261276,5.040944722507138,5.22208054097302,10.753544803563157,5.032636568586759,5.032636568586759,10.546829786087995,0.008308153920378819,0.1894439723862607,0.20671501747516213
0.0,0.08728151734191414,0.0,0.0,0.08728151734191414,0.0,0.08728151734191414,0.08728151734191414,7.950200501192374,7.86291898385046,5.119918085928613,4.958654165270116,10.502908306263071,5.032636568586759,5.032636568586759,10.546829786087995,0.08728151734185369,-0.07398240331664378,-0.04392147982492386
0.04676193351531166,0.011903845855496642,0.015359463939057627,0.02515487727493182,0.0586657793708083,0.06212139745436929,0.09918012058479775,0.07402524330986593,7.945881382014337,7.87185613870447,5.091302347957507,5.094757966041068,10.646009906672594,5.032636568586759,5.032636568586759,10.546829786087995,0.05866577937074773,0.06212139745430815,0.09918012058460027
0.0,0.0,0.0006128394907465307,0.006891847598997636,0.0,0.0006128394907465307,0.007504687089744166,0.0006128394907465307,7.947536842217016,7.946924002726269,5.031202374338009,5.033249408077448,10.554334473177553,5.032636568586759,5.032636568586759,10.546829786087995,-0.0014341942487508493,0.0006128394906881078,0.007504687089559063
0.0,0.0,0.0,0.0,0.0,0.0,0.0,0.0,7.793265581210524,7.793265581210524,4.94528118673129,5.019357239449076,10.40208475994544,5.032636568586759,5.032636568586759,10.546829786087995,-0.08735538185546998,-0.013279329137683506,-0.14474502614255394
0.030886473296797445,0.04963702109860929,0.019204776698035497,0.03417490167799769,0.08052349439540674,0.05009124999483294,0.13390317277143993,0.09972827109344223,7.954785610763106,7.8550573396696635,5.1131600629821,5.082727818581518,10.680732958859247,5.032636568586759,5.032636568586759,10.546829786087995,0.08052349439534084,0.05009124999475871,0.13390317277125277
0.0,0.0,0.0,0.0,0.0,0.0,0.0,0.0,7.849626950659144,7.849626950659144,4.993560447839648,4.995869610192896,10.471052803058267,5.032636568586759,5.032636568586759,10.546829786087995,-0.039076120747111816,-0.03676695839386329,-0.07577698302972725
0.0,0.0006153679448681615,0.0,0.0,0.0006153679448681615,0.0,0.0006153679448681615,0.0006153679448681615,7.865471648307506,7.864856280362638,5.033251936531563,5.016355763900534,10.489794246730828,5.032636568586759,5.032636568586759,10.546829786087995,0.000615367944803619,-0.01628080468622559,-0.05703553935716743
2.6201192521377314e-05,0.045302628497511335,0.02824722953112159,0.024791300455404106,0.04532882969003271,0.028273430723642967,0.09836735967655841,0.0735760592211543,7.962312480409796,7.888736421188642,5.077965398276719,5.060909999310333,10.645197145764364,5.032636568586759,5.032636568586759,10.546829786087995,0.04532882968995942,0.02827343072357308,0.09836735967636832
0.009352036272372466,0.05407108572310815,0.0,0.007975935133856638,0.06342312199548061,0.009352036272372466,0.07139905712933725,0.06342312199548061,7.961500681385826,7.898077559390345,5.096059690582168,5.04198860485906,10.618228843217137,5.032636568586759,5.032636568586759,10.546829786087995,0.06342312199540864,0.009352036272300529,0.07139905712914225
0.0,0.0,0.05911826314883406,0.0,0.0,0.05911826314883406,0.05911826314883406,0.05911826314883406,7.964985063572708,7.905866800423874,4.976289727429968,5.091754831735521,10.563206551079748,5.032636568586759,5.032636568586759,10.546829786087995,-0.05634684115679085,0.05911826314876205,0.01637676499175285
0.0,0.0,0.047890742414975485,0.0,0.0,0.047890742414975485,0.047890742414975485,0.047890742414975485,7.899278938039171,7.851388195624195,4.938262750055966,5.080527311001669,10.498559793629445,5.032636568586759,5.032636568586759,10.546829786087995,-0.09437381853079403,0.04789074241490956,-0.04826999245855004
0.0,0.0,0.13600716945165026,0.0,0.0,0.13600716945165026,0.13600716945165026,0.13600716945165026,7.920670975098757,7.7846638056471065,4.895331277950111,5.168643738038343,10.528055998494242,5.032636568586759,5.032636568586759,10.546829786087995,-0.1373052906366491,0.1360071694515829,-0.018773787593752086
0.0,0.0,0.0,0.0,0.0,0.0,0.0,0.0,7.7722849355210775,7.7722849355210775,4.993318109112113,4.870052930905699,10.318490330092661,5.032636568586759,5.032636568586759,10.546829786087995,-0.03931845947464719,-0.16258363768106066,-0.22833945599533387
0.0,0.0,0.1947781329136795,0.05648094600119968,0.0,0.1947781329136795,0.2512590789148792,0.1947781329136795,8.002490904503222,7.807712771589543,5.018896362200754,5.227414701500366,10.798088865002669,5.032636568586759,5.032636568586759,10.546829786087995,-0.013740206386006122,0.19477813291360607,0.25125907891467375
0.0,0.0,0.0,0.0,0.0,0.0,0.0,0.0,7.760923790872906,7.760923790872906,4.988497732512483,4.875782306069842,10.316709198055163,5.032636568586759,5.032636568586759,10.546829786087995,-0.0441388360742758,-0.1568542625169173,-0.23012058803283125
0.0,0.0,0.0,0.0,0.0,0.0,0.0,0.0,7.873531320645733,7.873531320645733,5.021920946540145,4.965096492216234,10.468228759005711,5.032636568586759,5.032636568586759,10.546829786087995,-0.010715622046614722,-0.06754007637052581,-0.0786010270822832
0.0,0.0,0.0,0.0,0.0,0.0,0.0,0.0,7.83634564315914,7.83634564315914,4.964545195561634,4.99932597759675,10.410661719715094,5.032636568586759,5.032636568586759,10.546829786087995,-0.06809137302512576,-0.03331059099000978,-0.1361680663729001
0.0,0.0,0.0,0.0,0.0,0.0,0.0,0.0,7.7524887157250495,7.7524887157250495,4.889702142945291,4.939608881165391,10.260253024582827,5.032636568586759,5.032636568586759,10.546829786087995,-0.14293442564146824,-0.09302768742136838,-0.2865767615051678
0.0,0.0,0.08627702588883235,0.013535748274152049,0.0,0.08627702588883235,0.0998127741629844,0.08627702588883235,7.953675924912614,7.867398899023781,4.986197200807558,5.118913594475518,10.646642560250779,5.032636568586759,5.032636568586759,10.546829786087995,-0.04643936777920162,0.08627702588875803,0.09981277416278414
0.025184295654766764,0.0,0.10249736082290717,0.02918067579592165,0.025184295654766764,0.12768165647767393,0.15686233227359558,0.12768165647767393,8.007355022946175,7.879673366468501,5.05782086424145,5.160318225064359,10.703692118361383,5.032636568586759,5.032636568586759,10.546829786087995,0.02518429565469052,0.12768165647759996,0.15686233227338786
0.0,0.00019768550295395926,0.0,0.0,0.00019768550295395926,0.0,0.00019768550295395926,0.00019768550295395926,7.8541323452384,7.8539346597354465,5.032834254089651,5.028475172034133,10.428299977191733,5.032636568586759,5.032636568586759,10.546829786087995,0.0001976855028917086,-0.004161396552626269,-0.11852980889626163
0.0,0.0,0.0,0.0,0.0,0.0,0.0,0.0,7.834046880016174,7.834046880016174,4.996901032603128,4.949076248168778,10.39660235555323,5.032636568586759,5.032636568586759,10.546829786087995,-0.03573553598363164,-0.0835603204179813,-0.1502274305347647
0.022967942358333146,0.019689172053598505,0.050230018248743805,0.03184255128948714,0.04265711441193165,0.07319796060707695,0.1247296839501626,0.09288713266067546,7.947190506678185,7.854303374017509,5.075293682998633,5.105834529193775,10.671559470037973,5.032636568586759,5.032636568586759,10.546829786087995,0.04265711441187331,0.07319796060701517,0.12472968394997809
0.0,0.0,0.0,0.0,0.0,0.0,0.0,0.0,7.804676475985619,7.804676475985619,5.00576718669098,4.992236973525227,10.546311142165692,5.032636568586759,5.032636568586759,10.546829786087995,-0.026869381895779646,-0.040399595061532796,-0.0005186439223021147
0.0,0.0,0.0,0.0,0.0,0.0,0.0,0.0,7.760863189587888,7.760863189587888,4.95039358979964,4.9672009883763515,10.388800928039258,5.032636568586759,5.032636568586759,10.546829786087995,-0.08224297878711925,-0.06543558021040781,-0.1580288580487378
0.0,0.0,0.022118305351688683,0.0,0.0,0.022118305351688683,0.022118305351688683,0.022118305351688683,7.926355228122499,7.90423692277081,4.9748296079340495,5.054754873938373,10.521755146852069,5.032636568586759,5.032636568586759,10.546829786087995,-0.057806960652709655,0.022118305351613587,-0.025074639235926746
0.0,0.045461069429815204,0.0,0.0,0.045461069429815204,0.0,0.045461069429815204,0.045461069429815204,7.939958126135973,7.894497056706157,5.0780976380165095,5.00653752327192,10.524433269044163,5.032636568586759,5.032636568586759,10.546829786087995,0.045461069429749854,-0.02609904531483976,-0.0223965170438308
0.05457579617201963,0.11024151277626798,0.07787042800282157,0.0803217018800248,0.1648173089482876,0.1324462241748412,0.323009438831134,0.24268773695110918,8.166871816699693,7.924184079748584,5.197453877534986,5.1650827927615355,10.869839224918946,5.032636568586759,5.032636568586759,10.546829786087995,0.16481730894822666,0.1324462241747762,0.323009438830952
0.0,0.0,0.0,0.0,0.0,0.0,0.0,0.0,7.815449784887514,7.815449784887514,5.01459044973247,4.98640821182616,10.452427886581464,5.032636568586759,5.032636568586759,10.546829786087995,-0.018046118854289344,-0.04622835676059953,-0.0944018995065305
0.0,0.1017531154687159,0.0,0.0,0.1017531154687159,0.0,0.1017531154687159,0.1017531154687159,7.899053948692153,7.797300833223437,5.134389684055403,4.927772363919534,10.547325427808335,5.032636568586759,5.032636568586759,10.546829786087995,0.10175311546864334,-0.10486420466722554,0.0004956417203403833
0.0,0.0,0.0,0.0,0.0,0.0,0.0,0.0,7.842181577397553,7.842181577397553,4.999916779930188,4.994395595020812,10.483983180659237,5.032636568586759,5.032636568586759,10.546829786087995,-0.03271978865657178,-0.038240973565947314,-0.06284660542875767
0.0,0.16340481075109814,0.0,0.0,0.16340481075109814,0.0,0.16340481075109814,0.16340481075109814,7.962202557375932,7.7987977466248335,5.196041379337798,4.974876186540176,10.619255428348739,5.032636568586759,5.032636568586759,10.546829786087995,0.16340481075103847,-0.057760382046582855,0.07242564226074333
0.0,0.028735967521424932,0.0,0.0,0.028735967521424932,0.0,0.028735967521424932,0.028735967521424932,7.923929793194104,7.8951938256726795,5.061372536108114,4.964793806788072,10.518518089921827,5.032636568586759,5.032636568586759,10.546829786087995,0.028735967521354395,-0.06784276179868777,-0.02831169616616812
0.0,0.0,0.037325179369380734,0.0,0.0,0.037325179369380734,0.037325179369380734,0.037325179369380734,7.834727761738559,7.797402582369179,4.907068266803666,5.069961747956071,10.480718700262067,5.032636568586759,5.032636568586759,10.546829786087995,-0.12556830178309347,0.03732517936931094,-0.06611108582592803
0.0,0.19913553113254157,0.0,0.0,0.19913553113254157,0.0,0.19913553113254157,0.19913553113254157,7.996695786679548,7.7975602555470065,5.231772099719237,4.855503890768854,10.606829337118482,5.032636568586759,5.032636568586759,10.546829786087995,0.19913553113247728,-0.17713267781790584,0.05999955103048787
0.0,0.0,0.1368810636489819,0.001058298513394007,0.0,0.1368810636489819,0.1379393621623759,0.1368810636489819,7.979445113328589,7.842564049679607,4.999825400592149,5.169517632235664,10.684769148250165,5.032636568586759,5.032636568586759,10.546829786087995,-0.03281116799461013,0.1368810636489045,0.1379393621621697
0.05618973383910715,0.04771404814638862,0.005913334347626906,0.03706441423163971,0.10390378198549577,0.062103068186734056,0.14688153056476239,0.10981711633312267,7.995236264071152,7.8854191477380295,5.136540350572187,5.094739636773435,10.693711316652562,5.032636568586759,5.032636568586759,10.546829786087995,0.10390378198542793,0.062103068186676234,0.14688153056456751
0.0,0.0,0.0,0.0,0.0,0.0,0.0,0.0,7.744442180806367,7.744442180806367,4.880897499686989,4.961246995716107,10.427998665434831,5.032636568586759,5.032636568586759,10.546829786087995,-0.15173906889977082,-0.07138957287065285,-0.11883112065316362
0.0,0.0,0.0,0.0,0.0,0.0,0.0,0.0,7.785912246994125,7.785912246994125,4.9737844371146505,4.9175942975637446,10.369923100067336,5.032636568586759,5.032636568586759,10.546829786087995,-0.05885213147210909,-0.11504227102301447,-0.17690668602065954
0.0,0.047495660680814566,0.0,0.0,0.047495660680814566,0.0,0.047495660680814566,0.047495660680814566,7.85384903394292,7.806353373262105,5.0801322292675,4.918669233365604,10.472534889302311,5.032636568586759,5.032636568586759,10.546829786087995,0.04749566068074019,-0.11396733522115547,-0.07429489678568305
0.007941564987837602,0.0,0.14644138188847666,0.015885910613993914,0.007941564987837602,0.15438294687631426,0.17026885749030818,0.15438294687631426,8.042641818066562,7.8882588711902475,5.040578133574532,5.187019515463004,10.7170986435781,5.032636568586759,5.032636568586759,10.546829786087995,0.00794156498777234,0.1543829468762443,0.17026885749010381
0.0,0.0,0.11271226020326797,0.0,0.0,0.11271226020326797,0.11271226020326797,0.11271226020326797,7.925494604557319,7.812782344354051,4.898069972235503,5.145348828789963,10.578404901776958,5.032636568586759,5.032636568586759,10.546829786087995,-0.13456659635125612,0.11271226020320332,0.03157511568896293
0.0,0.0,0.027771365204325882,0.0,0.0,0.027771365204325882,0.027771365204325882,0.027771365204325882,7.8463441868730115,7.818572821668686,4.970705332990703,5.060407933791015,10.452149056626531,5.032636568586759,5.032636568586759,10.546829786087995,-0.061931235596056546,0.02777136520425519,-0.09468072946146348
0.0,0.07110282340851448,0.0,0.0,0.07110282340851448,0.0,0.07110282340851448,0.07110282340851448,7.905100984275267,7.833998160866752,5.10373939199521,4.942197312715269,10.523473470378644,5.032636568586759,5.032636568586759,10.546829786087995,0.07110282340845041,-0.09043925587149013,-0.023356315709351694
0.0,0.0,0.12281201291169452,0.0,0.0,0.12281201291169452,0.12281201291169452,0.12281201291169452,7.956251139650976,7.8334391267392816,4.982306555434639,5.155448581498387,10.550677570461584,5.032636568586759,5.032636568586759,10.546829786087995,-0.05033001315212007,0.1228120129116277,0.0038477843735889843
0.003693082705338746,0.08834392196702368,0.0,0.0,0.09203700467236242,0.003693082705338746,0.09203700467236242,0.09203700467236242,7.948748894992645,7.856711890320282,5.124673573259063,5.036329651292028,10.602035950442257,5.032636568586759,5.032636568586759,10.546829786087995,0.0920370046723034,0.0036930827052680353,0.05520616435426329
0.0,0.0,0.0,0.0,0.0,0.0,0.0,0.0,7.7409288208727185,7.7409288208727185,4.92403824176651,4.890972957867677,10.275371153985612,5.032636568586759,5.032636568586759,10.546829786087995,-0.10859832682024952,-0.14166361071908182,-0.2714586321023832
0.02875746369776891,0.02593550156653532,0.07980283002874686,0.04530051516284064,0.05469296526430423,0.10856029372651577,0.17979631045589173,0.13449579529305108,8.024002850824703,7.889507055531651,5.087329533850991,5.141196862313207,10.726626096543688,5.032636568586759,5.032636568586759,10.546829786087995,0.054692965264232216,0.10856029372644832,0.17979631045569303
0.0,0.09796339223791328,0.0,0.0,0.09796339223791328,0.0,0.09796339223791328,0.09796339223791328,7.887135530715,7.7891721384770864,5.130599960824606,4.859645176327735,10.403734807083861,5.032636568586759,5.032636568586759,10.546829786087995,0.09796339223784606,-0.1729913922590248,-0.14309497900413307
0.0,0.0,0.0,0.0,0.0,0.0,0.0,0.0,7.74030227939343,7.74030227939343,4.914653963978356,5.01656665378057,10.390490218382444,5.032636568586759,5.032636568586759,10.546829786087995,-0.11798260460840351,-0.01606991480618917,-0.1563395677055512
0.0,0.03863625078220423,0.032806203308952675,0.07228478499506785,0.03863625078220423,0.032806203308952675,0.14372723908622476,0.0714424540911569,7.968578964734281,7.897136510643124,5.071272819368888,5.065442771895646,10.690557025174032,5.032636568586759,5.032636568586759,10.546829786087995,0.038636250782128616,0.03280620330888676,0.14372723908603696
0.013282271476194901,0.05693547028523557,0.0679047109147228,0.04572793997104466,0.07021774176143047,0.0811869823909177,0.18385039264719794,0.13812245267615328,8.061706281011027,7.923583828334873,5.102854310348141,5.113823550977616,10.730680178735021,5.032636568586759,5.032636568586759,10.546829786087995,0.07021774176138108,0.0811869823908566,0.18385039264702707
0.0,0.14358622040974112,0.0,0.0,0.14358622040974112,0.0,0.14358622040974112,0.14358622040974112,7.923244426155371,7.77965820574563,5.176222788996426,5.018031873017174,10.641023979010228,5.032636568586759,5.032636568586759,10.546829786087995,0.14358622040966632,-0.014604695569585446,0.09419419292223392
0.0,0.005074246154812556,0.0,0.0,0.005074246154812556,0.0,0.005074246154812556,0.005074246154812556,7.932502921559913,7.927428675405101,5.037710814741501,4.978380015735309,10.51391514393675,5.032636568586759,5.032636568586759,10.546829786087995,0.0050742461547415175,-0.054256552851450944,-0.03291464215124469
0.0,0.0,0.0,0.0,0.0,0.0,0.0,0.0,7.768757035663257,7.768757035663257,4.941764897343974,4.956401829535417,10.4112074168979,5.032636568586759,5.032636568586759,10.546829786087995,-0.09087167124278517,-0.07623473905134265,-0.1356223691900952
0.0,0.0,0.0,0.0,0.0,0.0,0.0,0.0,7.719607590884168,7.719607590884168,4.927565605052862,4.9234915223503295,10.30186054501783,5.032636568586759,5.032636568586759,10.546829786087995,-0.10507096353389779,-0.10914504623642962,-0.24496924107016546
0.0,0.0,0.015728983973053445,0.0,0.0,0.015728983973053445,0.015728983973053445,0.015728983973053445,7.903514842214878,7.887785858241824,5.026389890210986,5.04836555255976,10.557745404437858,5.032636568586759,5.032636568586759,10.546829786087995,-0.006246678375773838,0.01572898397300078,0.010915618349863567
0.0,0.0,0.10111642314428959,0.0,0.0,0.10111642314428959,0.10111642314428959,0.10111642314428959,7.947610605700024,7.846494182555735,4.969499827755817,5.133752991730987,10.61467696648031,5.032636568586759,5.032636568586759,10.546829786087995,-0.06313674083094312,0.10111642314422797,0.06784718039231509
0.0,0.0,0.15327305836756988,0.0,0.0,0.15327305836756988,0.15327305836756988,0.15327305836756988,7.872846201373493,7.719573143005923,4.9252854800284664,5.18590962695425,10.589740537904408,5.032636568586759,5.032636568586759,10.546829786087995,-0.10735108855829269,0.15327305836749042,0.042910751816413996
0.0,0.02027908223402708,0.0,0.0,0.02027908223402708,0.0,0.02027908223402708,0.02027908223402708,7.851771143007554,7.8314920607735266,5.0529156508207205,4.960643538700991,10.490184046306826,5.032636568586759,5.032636568586759,10.546829786087995,0.020279082233960924,-0.07199302988576906,-0.056645739781168936
0.07026144894346142,0.0,0.09133846613736019,0.03507447866278479,0.07026144894346142,0.1615999150808216,0.1966743937436064,0.1615999150808216,8.097279307567227,7.9356793924864055,5.102898017530156,5.194236483667509,10.743504179831412,5.032636568586759,5.032636568586759,10.546829786087995,0.07026144894339655,0.1615999150807496,0.19667439374341636
0.0325378696434411,0.023787140163162607,0.05687402543749906,0.037954872459673245,0.05632500980660371,0.08941189508094016,0.151153907703776,0.11319903524410277,8.011711053925307,7.898512018681204,5.088961578393285,5.122048463667629,10.697983693791567,5.032636568586759,5.032636568586759,10.546829786087995,0.056325009806525606,0.08941189508086947,0.1511539077035722
0.0,0.0,0.0,0.0,0.0,0.0,0.0,0.0,7.798721463076431,7.798721463076431,4.997107284455512,4.968357073668793,10.443549434255676,5.032636568586759,5.032636568586759,10.546829786087995,-0.035529284131247396,-0.06427949491796611,-0.1032803518323191
0.0,0.0,0.0933677927487988,0.0,0.0,0.0933677927487988,0.0933677927487988,0.0933677927487988,7.958426975489845,7.865059182741046,5.002982538032434,5.12600436133549,10.548490567335197,5.032636568586759,5.032636568586759,10.546829786087995,-0.029654030554325632,0.0933677927487312,0.0016607812472013064
0.003264838541086057,0.0,0.010312547991421894,0.0012856229598172675,0.003264838541086057,0.013577386532507951,0.014863009492325219,0.013577386532507951,7.966202881204687,7.952625494672179,5.035901407127769,5.046213955119195,10.56169279558011,5.032636568586759,5.032636568586759,10.546829786087995,0.003264838541009491,0.013577386532435499,0.014863009492115081
0.0,0.11370452427442768,0.0,0.0,0.11370452427442768,0.0,0.11370452427442768,0.11370452427442768,7.929621193439247,7.815916669164819,5.146341092861116,5.012324064683812,10.61418900229335,5.032636568586759,5.032636568586759,10.546829786087995,0.11370452427435611,-0.0203125039029474,0.06735921620535368
0.0,0.0,0.0,0.0,0.0,0.0,0.0,0.0,7.642184046610519,7.642184046610519,4.716634045426276,5.020449394068304,10.236089257794282,5.032636568586759,5.032636568586759,10.546829786087995,-0.3160025231604837,-0.012187174518455217,-0.3107405282937136
0.0,0.0,0.0,0.0,0.0,0.0,0.0,0.0,7.859071965149793,7.859071965149793,5.018224300294423,5.010868312370611,10.491412756429488,5.032636568586759,5.032636568586759,10.546829786087995,-0.01441226829233621,-0.02176825621614925,-0.05541702965850725
0.0,0.0,0.12787647493436793,0.0,0.0,0.12787647493436793,0.12787647493436793,0.12787647493436793,7.9690782944992415,7.841201819564874,4.9889974129879295,5.160513043521044,10.610660065826298,5.032636568586759,5.032636568586759,10.546829786087995,-0.04363915559882978,0.12787647493428422,0.06383027973830281
0.0,0.0,0.10771296011535547,0.0,0.0,0.10771296011535547,0.10771296011535547,0.10771296011535547,7.950772825648467,7.843059865533111,4.998295861330614,5.140349528702049,10.588034418216452,5.032636568586759,5.032636568586759,10.546829786087995,-0.03434070725614542,0.1077129601152893,0.04120463212845693
0.0,0.0,0.0,0.0,0.0,0.0,0.0,0.0,7.877913842264883,7.877913842264883,5.018054284727237,4.961128127359089,10.383740421512785,5.032636568586759,5.032636568586759,10.546829786087995,-0.014582283859523112,-0.07150844122767053,-0.16308936457520984
0.0,0.05593311270946799,0.0,0.0,0.05593311270946799,0.0,0.05593311270946799,0.05593311270946799,7.881988900303034,7.826055787593566,5.088569681296154,4.951966984878608,10.508764303037458,5.032636568586759,5.032636568586759,10.546829786087995,0.055933112709395105,-0.08066958370815183,-0.03806548305053735
0.005715870416593383,0.0,0.09807618418711783,0.0,0.005715870416593383,0.10379205460371121,0.10379205460371121,0.10379205460371121,7.973389436498453,7.869597381894742,5.0383524390032886,5.136428623190405,10.604600758614888,5.032636568586759,5.032636568586759,10.546829786087995,0.005715870416529162,0.1037920546036453,0.057770972526893914
0.0,0.0394842419485002,0.0,0.0,0.0394842419485002,0.0,0.0394842419485002,0.0394842419485002,7.921968184308486,7.882483942359986,5.072120810535197,5.0260597354185155,10.558506347346206,5.032636568586759,5.032636568586759,10.546829786087995,0.03948424194843782,-0.006576833168243755,0.011676561258210965
0.0,0.0,0.05106848082318649,0.0,0.0,0.05106848082318649,0.05106848082318649,0.05106848082318649,7.721745885613101,7.670677404789915,4.8219451770326955,5.0837050494098825,10.420843616771098,5.032636568586759,5.032636568586759,10.546829786087995,-0.2106913915540637,0.05106848082312344,-0.12598616931689757
0.0,0.017809034118545952,0.0,0.0,0.017809034118545952,0.0,0.017809034118545952,0.017809034118545952,7.8763896142845695,7.858580580166024,5.0504456027052385,4.991512018476541,10.512713490954832,5.032636568586759,5.032636568586759,10.546829786087995,0.01780903411847889,-0.04112455011021794,-0.034116295133163554
0.0,0.044917606922647124,0.0,0.0,0.044917606922647124,0.0,0.044917606922647124,0.044917606922647124,7.879016915706992,7.834099308784345,5.077554175509341,4.914378313188938,10.516770382698407,5.032636568586759,5.032636568586759,10.546829786087995,0.04491760692258156,-0.11825825539782121,-0.03005940338958694
0.005865212585951518,0.1341487978707221,0.0,0.006093124673987482,0.1400140104566736,0.005865212585951518,0.1461071351306611,0.1400140104566736,8.086511458965939,7.946497448509265,5.172650579043365,5.038501781172641,10.692936921218452,5.032636568586759,5.032636568586759,10.546829786087995,0.1400140104566061,0.005865212585882252,0.1461071351304567
0.0,0.0,0.0,0.0,0.0,0.0,0.0,0.0,7.772402073554732,7.772402073554732,4.937036207467648,5.014036931158387,10.520688878272958,5.032636568586759,5.032636568586759,10.546829786087995,-0.09560036111911115,-0.01859963742837263,-0.026140907815036078
0.012474428353133678,0.022762036907031206,0.02666791088980585,0.02048152122423836,0.035236465260164884,0.03914233924293953,0.0823858973742091,0.061904376149970734,7.986742717136259,7.924838340986288,5.067873033846853,5.0717789078296365,10.62921568346202,5.032636568586759,5.032636568586759,10.546829786087995,0.0352364652600936,0.039142339242876925,0.08238589737402532
0.0,0.04149951780567829,0.0,0.0,0.04149951780567829,0.0,0.04149951780567829,0.04149951780567829,7.823709692013979,7.7822101742083,5.074136086392371,4.956219815983062,10.50159867383913,5.032636568586759,5.032636568586759,10.546829786087995,0.04149951780561093,-0.07641675260369699,-0.045231112248865654
0.0,0.0,0.0,0.0,0.0,0.0,0.0,0.0,7.856533287929214,7.856533287929214,5.003795115834858,4.954432194690822,10.462836209127644,5.032636568586759,5.032636568586759,10.546829786087995,-0.02884145275190117,-0.07820437389593748,-0.08399357696035083
