red,unq1,unq2,syn,bi_mi_1,bi_mi_2,tri_mi
0.0,0.6803077478801411,0.0,0.2418149556682746,0.6803077478801411,0.0,0.9221227035484157
0.00011266573188095652,0.6802318369669155,0.0005682719916555445,0.241557610942282,0.6803445026987964,0.0006809377235365424,0.922470385632734
0.0001301871683920819,0.6811980056878716,0.0005561303764878289,0.24208749683887953,0.6813281928562637,0.0006863175448799385,0.923971820071631
0.00014997726621857055,0.679243227175732,0.0005631024164129972,0.24346481642374618,0.6793932044419506,0.00071307968263159,0.9234211232821098
0.00016783150448040907,0.680879155387506,0.0005844131991894486,0.2426228720340864,0.6810469868919864,0.0007522447036698573,0.9242542721252622
0.00013699082225060444,0.6814326183175522,0.0005881537346066334,0.24189252678170658,0.6815696091398028,0.000725144556857243,0.924050289656116
0.00013448772521285068,0.6794306642382817,0.0006043601782894648,0.24043885188269198,0.6795651519634945,0.0007388479035022725,0.920608364024476
0.00014675192987112506,0.6825698115117798,0.0006296606829764295,0.2423807594936117,0.6827165634416509,0.0007764126128475257,0.925726983618239
0.00012036446703167503,0.6790474529899586,0.0005446057565094975,0.2424787092793037,0.6791678174569903,0.0006649702235411412,0.9221911324928035
0.0001280674941934734,0.6812572199572613,0.0005735923747677285,0.24171176997139698,0.6813852874514548,0.0007016598689612145,0.9236706497976195
0.00015051805997523537,0.6831257737088845,0.0006157280650749275,0.24228937311987553,0.6832762917688597,0.0007662461250501117,0.9261813929538102
0.000141728444709055,0.6818460589073502,0.0005887492465156408,0.2425701638258082,0.6819877873520592,0.00073047769122475,0.9251467004243831
0.0001566900922086445,0.6794005536809947,0.0005808081236563511,0.24011711981209083,0.6795572437732034,0.0007374982158649411,0.9202551717089505
0.0001378400169811389,0.6798424558617157,0.0005570143635984515,0.24246080305029516,0.6799802958786968,0.0006948543805795826,0.9229981132925904
0.00017549558816776223,0.683025559081428,0.0006442775125098388,0.24278252951516055,0.6832010546695958,0.0008197731006776451,0.9266278616972662
0.00014275059458390693,0.680636870603251,0.0005995627174031348,0.24243361228360305,0.6807796211978349,0.0007423133119870024,0.923812796198841
0.00015714143233080957,0.6810236464025672,0.000571326810556716,0.2422351197243393,0.681180787834898,0.0007284682428875,0.923987234369794
0.00013584457667203953,0.6799035316111777,0.0005478202973039359,0.24114715709450618,0.6800393761878497,0.0006836648739760151,0.9217343535796598
0.00015053839292711313,0.6778380435247439,0.0005673299955651911,0.24019239920071622,0.677988581917671,0.0007178683884922939,0.9187483111139524
0.00015270405396250464,0.6800305409945621,0.0005958268312973303,0.24244019450523868,0.6801832450485246,0.0007485308852598565,0.9232192663850606
0.00015979188130643696,0.6773875315976362,0.0006252921120214472,0.2430246235909116,0.6775473234789426,0.000785083993327858,0.9211972391818757
0.00015260863507826627,0.6770292840070095,0.0005518493279448311,0.2417557607793358,0.6771818926420877,0.000704457963023061,0.9194895027493684
0.00014032700877320003,0.6816290918252081,0.000572336965224296,0.24135192227197677,0.6817694188339813,0.0007126639739974664,0.9236936780711824
0.0001705721740256072,0.6806530436991836,0.000568976091400164,0.24211264510275687,0.6808236158732092,0.0007395482654257989,0.9235052370673662
0.0001472923657787062,0.6794488496603359,0.0005867588533089441,0.2422116508602129,0.6795961420261146,0.000734051219087627,0.9223945517396365
0.0001636513067825307,0.6781095766321581,0.0006184238677965359,0.24130185147872663,0.6782732279389406,0.0007820751745790159,0.9201935032854638
0.00012524859294105184,0.6812422943158839,0.0005995198835425652,0.241741942623516,0.681367542908825,0.0007247684764836613,0.9237090054158835
0.00016251562875546632,0.6809932965958819,0.0006100314137674756,0.24280180470940727,0.6811558122246374,0.0007725470425229453,0.9245676483478121
0.00014807590762899725,0.6809772579349009,0.0005948289467894163,0.2419162433764629,0.6811253338425299,0.0007429048544184619,0.9236364061657822
0.0001295131556001694,0.6794146609998746,0.0005904670251642985,0.24097267715137283,0.6795441741554747,0.0007199801807644366,0.9211073183320119
0.00013847921037335453,0.6789938867877964,0.0005468411934602679,0.2430827503176799,0.6791323659981697,0.0006853204038335736,0.9227619575093099
0.00014893735101528804,0.6794297086224452,0.0005582890594064693,0.24171432331812437,0.6795786459734605,0.0007072264104218129,0.9218512583509914
0.00014041890674276747,0.6808411879115528,0.0005914515648770546,0.24122404477538417,0.6809816068182956,0.0007318704716197793,0.9227971031585568
0.00013543481079836273,0.6811649253845459,0.000556003260400062,0.24249520195215657,0.6813003601953442,0.000691438071198382,0.9243515654079009
0.00013920904475761553,0.6818687231368091,0.0005323289225495076,0.24152198011060155,0.6820079321815667,0.0006715379673070865,0.9240622412147178
0.00015949814345017632,0.6830966629562261,0.0005622693379560006,0.24116388024057633,0.6832561610996762,0.0007217674814062114,0.9249823106782086
0.00012674007219337646,0.6816710963348155,0.0005474595709742403,0.24143769063232878,0.6817978364070089,0.0006741996431676166,0.9237829866103119
0.0001371231715187049,0.6810850783900495,0.0005382483128029136,0.24155610210014966,0.6812222015615682,0.0006753714843215769,0.9233165519745208
0.00014627567986236212,0.6810217420133798,0.0005868083290062609,0.24183587536737916,0.6811680176932422,0.0007330840088686061,0.9235907013896276
0.00017427853958318362,0.6803296853501276,0.0005649491389564387,0.24030659935614007,0.6805039638897108,0.0007392276785396284,0.9213755123848073
0.00014073651471724347,0.681213119180444,0.000579664665932067,0.24159260118151282,0.6813538556951613,0.000720401180649279,0.9235261215426062
0.0001206737825447668,0.6811590898226709,0.0005503008939143905,0.24162175886682857,0.6812797636052157,0.0006709746764591215,0.9234518233659587
0.00014760560375748355,0.6817438015065922,0.0005989850575388589,0.24120886462619262,0.6818914071103497,0.0007465906612963089,0.9236992567940812
0.00016516490006390772,0.6785101183747531,0.0005880232461734636,0.24219509080074664,0.678675283274817,0.0007531881462373195,0.9214583973217371
0.00012314127073154157,0.6795383573313791,0.0005630366684113985,0.242217540496953,0.6796614986021107,0.0006861779391429226,0.9224420757674751
0.00013302361596834178,0.6834737555185708,0.0006291227616118666,0.24221463225545403,0.6836067791345392,0.0007621463775802212,0.926450534151605
0.00011763309900880703,0.6807122359448093,0.0006032784411398318,0.24258852092301408,0.6808298690438181,0.0007209115401486594,0.9240216684079721
0.0001428992429087783,0.6810737020745885,0.0005750060176504812,0.24055461053774518,0.6812166013174973,0.0007179052605592794,0.922346217872893
0.00013242247536349172,0.6802222870658612,0.0005844180692864409,0.24133026414269798,0.6803547095412247,0.0007168405446498785,0.9222693917532091
0.00016215463543811648,0.6800373855956846,0.0005670803700732474,0.2418602160945318,0.6801995402311227,0.0007292350055113769,0.9226268366957278
0.00012438085587118675,0.6817603361307794,0.000583277857895137,0.24222632936179112,0.6818847169866505,0.0007076587137663516,0.9246943242063368
