row_model,RN101_clip,RN50_clip,ResNet50-ClusterFit-16K-RotNet_selfsupervised,ResNet50-DeepClusterV2-2x224_selfsupervised,ResNet50-MoCoV2-BS256_selfsupervised,ResNet50-PIRL_selfsupervised,ResNet50-SimCLR_selfsupervised,ResNet50-SwAV-BS4096-2x224_selfsupervised,ViT-B_32_clip,ViT-L_14_clip,coat_lite_tiny_classification,convit_base_classification,convnext_base_classification,crossvit_base_240_classification,cspresnet50_classification,deit_base_patch16_224_classification,eca_nfnet_l0_classification,ghostnet_100_classification,hardcorenas_f_classification,jx_nest_tiny_classification,levit_128_classification,mobilenetv3_large_100_classification,nf_resnet50_classification,pit_ti_224_classification,resnet50_classification,semnasnet_100_classification,swin_large_patch4_window7_224_classification,tnt_s_patch16_224_classification,visformer_small_classification,vit_base_patch16_224_classification,vit_base_patch32_224_classification,xcit_nano_12_p16_224_classification,xcit_nano_12_p8_224_classification
RN101_clip,0.0,,,,,,,,,,,,,,,,1.1260590481656203,,1.202093922777923,,,,1.065624090185107,,,,,,,,,,
RN50_clip,,0.0,,,,,,,,,,,,,,,1.0619752391290422,,1.097147839608423,,,,0.9530287756938768,,,,,,,,,,
ResNet50-ClusterFit-16K-RotNet_selfsupervised,,,0.0,,,,,,,,,,,,,,1.0444754308158348,,1.129601881063623,,,,1.1400934020239806,,,,,,,,,,
ResNet50-DeepClusterV2-2x224_selfsupervised,,,,0.0,,,,,,,,,,,,,1.0374108375665312,,1.0532516004496095,,,,1.017043737089935,,,,,,,,,,
ResNet50-MoCoV2-BS256_selfsupervised,,,,,0.0,,,,,,,,,,,,1.0626935313543484,,1.101442607845117,,,,1.0333486482645888,,,,,,,,,,
ResNet50-PIRL_selfsupervised,,,,,,0.0,,,,,,,,,,,1.1142359031622533,,1.1805486286726286,,,,1.15626142263328,,,,,,,,,,
ResNet50-SimCLR_selfsupervised,,,,,,,0.0,,,,,,,,,,1.096096984088712,,1.081927089051872,,,,1.0769886864765752,,,,,,,,,,
ResNet50-SwAV-BS4096-2x224_selfsupervised,,,,,,,,0.0,,,,,,,,,0.9930500996132388,,1.0402611503648505,,,,1.0107822349367073,,,,,,,,,,
ViT-B_32_clip,,,,,,,,,0.0,,,,,,,,1.1655250938283714,,1.1305776766424491,,,,1.128702847809052,,,,,,,,,,
ViT-L_14_clip,,,,,,,,,,0.0,,,,,,,1.2622884283193994,,1.2309768484282235,,,,1.2186942462082264,,,,,,,,,,
coat_lite_tiny_classification,,,,,,,,,,,0.0,,,,,,0.9911006741146942,,1.0096817019784634,,,,1.0043592755138686,,,,,,,,,,
convit_base_classification,,,,,,,,,,,,0.0,,,,,1.011853873929656,,1.1204594690672425,,,,1.040239826205747,,,,,,,,,,
convnext_base_classification,,,,,,,,,,,,,0.0,,,,1.0418824318940914,,1.0359549598748572,,,,1.0144052192283617,,,,,,,,,,
crossvit_base_240_classification,,,,,,,,,,,,,,0.0,,,1.050806399531245,,1.1250436678692388,,,,1.1045399147391066,,,,,,,,,,
cspresnet50_classification,,,,,,,,,,,,,,,0.0,,0.985349429805252,,1.0285626779934294,,,,0.9204258318682896,,,,,,,,,,
deit_base_patch16_224_classification,,,,,,,,,,,,,,,,0.0,1.042351574774715,,1.1204032766049572,,,,1.0905452789978565,,,,,,,,,,
eca_nfnet_l0_classification,1.1260590481656203,1.0619752391290422,1.0444754308158348,1.0374108375665312,1.0626935313543484,1.1142359031622533,1.096096984088712,0.9930500996132388,1.1655250938283714,1.2622884283193994,0.9911006741146942,1.011853873929656,1.0418824318940914,1.050806399531245,0.985349429805252,1.042351574774715,0.0,0.9498265041066922,0.9798456839157712,1.0743595079828694,0.990452567622132,0.9632681226261416,0.9479084371309464,1.014231886199891,0.964903124176713,0.9679339393690628,1.1355710796820588,1.0241141422153532,1.0552570182848644,1.0714379631829765,1.0892614771657705,1.0598714240096836,1.0659029223733043
ghostnet_100_classification,,,,,,,,,,,,,,,,,0.9498265041066922,0.0,0.988716673876775,,,,1.0980135943051827,,,,,,,,,,
hardcorenas_f_classification,1.202093922777923,1.097147839608423,1.129601881063623,1.0532516004496095,1.101442607845117,1.1805486286726286,1.081927089051872,1.0402611503648505,1.1305776766424491,1.2309768484282235,1.0096817019784634,1.1204594690672425,1.0359549598748572,1.1250436678692388,1.0285626779934294,1.1204032766049572,0.9798456839157712,0.988716673876775,0.0,1.0812128738036044,1.0140819823351368,0.9150303197917272,1.0559956314170709,1.0563467725184612,1.0711826688406223,1.0035829171366242,1.1865118215592982,1.157332120398257,1.0997524140277353,1.1224239962878624,1.1697282216125942,1.1826048313453654,1.1513091778792257
jx_nest_tiny_classification,,,,,,,,,,,,,,,,,1.0743595079828694,,1.0812128738036044,0.0,,,1.104664483707106,,,,,,,,,,
levit_128_classification,,,,,,,,,,,,,,,,,0.990452567622132,,1.0140819823351368,,0.0,,1.092712536785745,,,,,,,,,,
mobilenetv3_large_100_classification,,,,,,,,,,,,,,,,,0.9632681226261416,,0.9150303197917272,,,0.0,0.997172472508664,,,,,,,,,,
nf_resnet50_classification,1.065624090185107,0.9530287756938768,1.1400934020239806,1.017043737089935,1.0333486482645888,1.15626142263328,1.0769886864765752,1.0107822349367073,1.128702847809052,1.2186942462082264,1.0043592755138686,1.040239826205747,1.0144052192283617,1.1045399147391066,0.9204258318682896,1.0905452789978565,0.9479084371309464,1.0980135943051827,1.0559956314170709,1.104664483707106,1.092712536785745,0.997172472508664,0.0,1.0547265236440708,0.9680096551341356,1.0122324811023071,1.0912663790993893,1.051375446006018,1.0522092430082122,1.136371797187607,1.2206311072317284,1.0474698375175675,1.0602403257164514
pit_ti_224_classification,,,,,,,,,,,,,,,,,1.014231886199891,,1.0563467725184612,,,,1.0547265236440708,0.0,,,,,,,,,
resnet50_classification,,,,,,,,,,,,,,,,,0.964903124176713,,1.0711826688406223,,,,0.9680096551341356,,0.0,1.0337373307733078,,,,,,,
semnasnet_100_classification,,,,,,,,,,,,,,,,,0.9679339393690628,,1.0035829171366242,,,,1.0122324811023071,,1.0337373307733078,0.0,,,,,,,
swin_large_patch4_window7_224_classification,,,,,,,,,,,,,,,,,1.1355710796820588,,1.1865118215592982,,,,1.0912663790993893,,,,0.0,,,,,,
tnt_s_patch16_224_classification,,,,,,,,,,,,,,,,,1.0241141422153532,,1.157332120398257,,,,1.051375446006018,,,,,0.0,,,,,
visformer_small_classification,,,,,,,,,,,,,,,,,1.0552570182848644,,1.0997524140277353,,,,1.0522092430082122,,,,,,0.0,,,,
vit_base_patch16_224_classification,,,,,,,,,,,,,,,,,1.0714379631829765,,1.1224239962878624,,,,1.136371797187607,,,,,,,0.0,,,
vit_base_patch32_224_classification,,,,,,,,,,,,,,,,,1.0892614771657705,,1.1697282216125942,,,,1.2206311072317284,,,,,,,,0.0,,
xcit_nano_12_p16_224_classification,,,,,,,,,,,,,,,,,1.0598714240096836,,1.1826048313453654,,,,1.0474698375175675,,,,,,,,,0.0,
xcit_nano_12_p8_224_classification,,,,,,,,,,,,,,,,,1.0659029223733043,,1.1513091778792257,,,,1.0602403257164514,,,,,,,,,,0.0
