R²_A,R²_B,R²_AB,unique_A,unique_B,common,unexplained,suppression_strength,snr,mixing_dimension,rng_seed
0.1552976653214535,-0.005337646942631263,0.14586106490014958,0.15119871184278083,-0.009436600421303926,0.004098953478672673,0.8541389350998504,0.3,0.5,,1
0.054898411373217326,-0.003986826698229966,0.05391194308509873,0.057898769783328696,-0.0009864682881185957,-0.00300035841011137,0.9460880569149013,0.3,0.5,30,1
0.0684374167862396,-0.006471392023685899,0.06656055673356087,0.07303194875724676,-0.0018768600526787305,-0.004594531971007169,0.9334394432664391,0.3,0.5,50,1
0.09278261190522125,-0.012580135007941452,0.0855385574007259,0.09811869240866736,-0.007244054504495348,-0.005336080503446097,0.9144614425992741,0.3,0.5,100,1
0.10057308587484168,-0.03231505969505919,0.07390652544623691,0.1062215851412961,-0.02666656042860477,-0.005648499266454415,0.9260934745537631,0.3,0.5,250,1
0.4158710617849332,-0.005295720197718863,0.400721589410627,0.40601730960834587,-0.015149472374306194,0.00985375217658735,0.5992784105893729,0.3,1.0,,1
0.13849185453664214,-0.003933392179004023,0.14150963665066185,0.14544302882966587,0.003017782114019707,-0.006951174293023721,0.8584903633493381,0.3,1.0,30,1
0.17481830700286782,-0.0064325513868456734,0.1792009178451661,0.18563346923201177,0.004382610842298268,-0.010815162229143943,0.8207990821548339,0.3,1.0,50,1
0.24268905130806212,-0.012313740054940903,0.24328226079258602,0.2555960008475269,0.0005932094845239044,-0.012906949539464807,0.756717739207414,0.3,1.0,100,1
0.28985650940974667,-0.03219304003060322,0.27423999598098603,0.3064330360115892,-0.015616513428760637,-0.01657652660184261,0.725760004019014,0.3,1.0,250,1
0.964107263116339,-0.0052775717514119596,0.9522308826031576,0.9575084543545695,-0.011876380513181406,0.006598808761769437,0.04776911739684242,0.3,10.0,,1
0.28870669223113166,-0.003789793344780926,0.29896025160874984,0.30275004495353075,0.010253559377618182,-0.014043352722399094,0.7010397483912502,0.3,10.0,30,1
0.3656548046094936,-0.0064724433410456245,0.3810012388111152,0.3874736821521608,0.015346434201621573,-0.021818877542667203,0.6189987611888847,0.3,10.0,50,1
0.5121046083204732,-0.011940085556102285,0.526718982152894,0.5386590677089963,0.014614373832420813,-0.026554459388523077,0.47328101784710597,0.3,10.0,100,1
0.6326531763360145,-0.032309136632727255,0.6373916920328602,0.6697008286655874,0.004738515696845691,-0.037047652329572967,0.36260830796713983,0.3,10.0,250,1
0.9798713738655445,-0.0052813739640228405,0.967722715900453,0.9730040898644758,-0.012148657965091458,0.006867284001068619,0.032277284099547,0.3,20.0,,1
0.2914234455527249,-0.0037875908630837737,0.3018120803323841,0.3055996711954679,0.010388634779659178,-0.014176225642742957,0.698187919667616,0.3,20.0,30,1
0.36907813947648,-0.006480373466919094,0.38461078557454026,0.39109115904145936,0.015532646098060265,-0.022013019564979364,0.6153892144254598,0.3,20.0,50,1
0.5169680568743684,-0.011931821394308184,0.5318372772283725,0.5437690986226806,0.014869220354004065,-0.026801041748312215,0.4681627227716275,0.3,20.0,100,1
0.6389047375316983,-0.03232493612460835,0.6440187787090947,0.676343714833703,0.0051140411773964445,-0.03743897730200474,0.35598122129090526,0.3,20.0,250,1
0.985400738306845,-0.0052849937520050095,0.9727852997525259,0.9780702935045309,-0.012615438554319125,0.007330444802314151,0.027214700247474077,0.3,100.0,,1
0.29231085552707936,-0.0037875058407671374,0.3027449834907766,0.30653248933154376,0.010434127963697248,-0.014221633804464395,0.6972550165092234,0.3,100.0,30,1
0.3701824795478966,-0.006486660700532079,0.3857688575626856,0.39225551826321764,0.01558637801478896,-0.022073038715321014,0.6142311424373144,0.3,100.0,50,1
0.5185414190131303,-0.011927474819409941,0.5334928238497992,0.5454202986692092,0.014951404836668902,-0.026878879656078825,0.46650717615020076,0.3,100.0,100,1
0.6409302217888825,-0.03233682157698526,0.6461635272045351,0.6785003487815203,0.005233305415652589,-0.03757012699263784,0.35383647279546493,0.3,100.0,250,1
0.15057970846607394,-0.005337646942631263,0.14087746497002757,0.14621511191265882,-0.00970224349604637,0.004364596553415118,0.8591225350299725,0.5,0.5,,1
0.04470020093282122,-0.003986826698229966,0.044454390586613345,0.04844121728484331,-0.00024581034620787395,-0.003741016352022092,0.9555456094133866,0.5,0.5,30,1
0.05965988430209309,-0.006471392023685899,0.05820169464627461,0.06467308666996051,-0.0014581896558184815,-0.005013202367867418,0.9417983053537254,0.5,0.5,50,1
0.08476371364233803,-0.012580135007941452,0.07787455135302501,0.09045468636096646,-0.006889162289313022,-0.005690972718628423,0.922125448646975,0.5,0.5,100,1
0.09372835732660034,-0.03231505969505919,0.06739525486082458,0.09971031455588378,-0.026333102465775762,-0.005981957229283429,0.9326047451391755,0.5,0.5,250,1
0.40802581500874313,-0.005295720197718863,0.39185646621415854,0.3971521864118774,-0.016169348794584593,0.010873628596865748,0.6081435337858414,0.5,1.0,,1
0.11409498102941891,-0.003933392179004023,0.1189681957341282,0.12290158791313223,0.004873214704709292,-0.00880660688371332,0.8810318042658718,0.5,1.0,30,1
0.15366137713868966,-0.0064325513868456734,0.15897881315938162,0.1654113645462273,0.005317436020691957,-0.011749987407537632,0.8410211868406183,0.5,1.0,50,1
0.2228034016675909,-0.012313740054940903,0.22442479034811058,0.23673853040305148,0.0016213886805196698,-0.013935128735460572,0.7755752096518894,0.5,1.0,100,1
0.27309635975931895,-0.03219304003060322,0.25841687600671825,0.29060991603732145,-0.014679483752600697,-0.017513556278002523,0.7415831239932817,0.5,1.0,250,1
0.9558334099776156,-0.0052775717514119596,0.9417142675284216,0.9469918392798335,-0.014119142449193989,0.00884157069778202,0.05828573247157842,0.5,10.0,,1
0.23898653618903462,-0.003789793344780926,0.25292987089326435,0.25671966423804526,0.013943334704229732,-0.01773312804901067,0.7470701291067356,0.5,10.0,30,1
0.321593485433377,-0.0064724433410456245,0.3387723317762209,0.34524477511726653,0.01717884634284389,-0.02365128968388952,0.6612276682237791,0.5,10.0,50,1
0.46953815136369104,-0.011940085556102285,0.48669970539385127,0.49863979094995353,0.01716155403016023,-0.029101639586262495,0.5133002946061487,0.5,10.0,100,1
0.5971067391916032,-0.032309136632727255,0.6040273574889615,0.6363364941216888,0.00692061829735835,-0.039229754930085625,0.3959726425110385,0.5,10.0,250,1
0.9713528720104606,-0.0052813739640228405,0.9572996183042468,0.9625809922682697,-0.014053253706213797,0.008771879742190958,0.04270038169575319,0.5,20.0,,1
0.241241313759252,-0.0037875908630837737,0.2553553550518351,0.2591429459149189,0.01411404129258309,-0.01790163215566687,0.744644644948165,0.5,20.0,30,1
0.32459018011398133,-0.006480373466919094,0.34196737088817414,0.34844774435509324,0.017377190774192808,-0.023857564241111906,0.6580326291118259,0.5,20.0,50,1
0.4739874283936749,-0.011931821394308184,0.4914369305983807,0.5033687519926888,0.017449502204705758,-0.029381323599013964,0.5085630694016193,0.5,20.0,100,1
0.602999502231656,-0.03232493612460835,0.6103277829517184,0.6426527190763267,0.007328280720062419,-0.039653216844670824,0.3896722170482816,0.5,20.0,250,1
0.9767458665524908,-0.0052849937520050095,0.9624507416782573,0.9677357354302623,-0.014295124874233567,0.009010131122228593,0.03754925832174272,0.5,100.0,,1
0.24197957931870973,-0.0037875058407671374,0.25615506943454575,0.2599425752753129,0.01417549011583602,-0.017962995956603167,0.7438449305654542,0.5,100.0,30,1
0.3255579171843163,-0.006486660700532079,0.34299044692676656,0.3494771076272986,0.017432529742450242,-0.023919190442982297,0.6570095530732334,0.5,100.0,50,1
0.47543553996859045,-0.011927474819409941,0.49297905274382,0.50490652756323,0.01754351277522953,-0.029470987594639453,0.50702094725618,0.5,100.0,100,1
0.6049098096907483,-0.03233682157698526,0.6123722618787684,0.6447090834557536,0.007462452188020108,-0.03979927376500536,0.38762773812123164,0.5,100.0,250,1
0.14310073883549687,-0.005337646942631263,0.13223495084732506,0.1375725977899563,-0.01086578798817181,0.005528141045540558,0.8677650491526749,0.7,0.5,,1
0.03306063708772014,-0.003986826698229966,0.03277508434561933,0.036761911043849294,-0.0002855527421008128,-0.003701273956129153,0.9672249156543806,0.7,0.5,30,1
0.04390948026963055,-0.006471392023685899,0.04234280128213535,0.04881419330582125,-0.0015666789874951986,-0.004904713036190701,0.9576571987178647,0.7,0.5,50,1
0.06524640246911732,-0.012580135007941452,0.05861920960520121,0.07119934461314266,-0.006627192863916116,-0.005952942144025336,0.9413807903947988,0.7,0.5,100,1
0.07990311039955694,-0.03231505969505919,0.05372056702101539,0.08603562671607458,-0.026182543378541555,-0.006132516316517636,0.9462794329789846,0.7,0.5,250,1
